ID,y_trust,c_age,c_male,c_education,c_income,x_threat
1,4,40,1,8,3,0
2,5,37,0,1,0,1
6,5,44,1,9,3,0
12,7,32,0,4,1,0
20,2,37,1,4,2,0
26,7,40,0,5,3,0
34,3,32,1,7,2,0
35,3,30,0,4,0,0
50,5,21,1,4,0,0
70,2,45,1,4,2,1
81,5,62,1,4,2,0
109,8,54,0,8,0,0
110,8,47,1,7,3,0
111,10,45,0,10,1,0
112,9,21,0,6,0,0
113,6,19,0,3,0,0
119,3,54,1,4,0,1
152,5,41,0,10,1,0
153,8,41,1,10,3,0
161,8,40,1,5,1,0
162,7,41,1,10,3,0
168,1,17,1,0,0,0
169,5,14,1,0,0,0
172,7,26,0,10,2,0
181,5,28,0,4,2,0
183,6,32,1,10,3,0
186,6,57,1,4,2,0
187,5,56,0,4,3,0
210,7,45,0,10,2,0
214,2,47,0,4,2,1
222,6,36,0,7,2,0
223,6,35,1,7,3,0
235,1,19,0,0,0,0
240,7,58,1,10,3,0
241,8,58,0,10,3,0
242,10,31,1,10,2,0
245,5,61,1,10,3,0
249,8,44,0,6,2,1
250,9,17,1,0,0,0
300,5,71,0,4,0,0
309,3,63,0,10,2,0
311,3,21,0,6,0,0
313,4,16,1,1,0,0
322,8,40,0,10,1,0
323,3,44,1,10,3,0
326,0,36,1,4,2,0
343,6,51,1,4,1,1
346,6,25,0,3,1,0
349,8,58,1,7,3,0
374,7,48,0,4,1,0
377,5,51,0,4,0,0
380,7,48,0,4,0,0
399,7,35,0,6,1,0
405,7,60,0,5,0,0
410,4,42,1,6,3,0
415,0,53,0,5,2,1
417,0,20,1,1,0,1
435,7,35,1,4,3,0
439,8,61,0,7,0,0
441,0,58,1,4,1,0
456,6,29,0,9,2,0
457,6,30,1,8,1,0
460,7,37,0,6,0,1
462,5,50,0,4,1,0
486,6,43,1,9,3,0
487,3,38,0,7,2,0
509,5,18,0,1,0,0
531,5,46,0,1,1,0
546,5,45,1,10,3,1
547,5,41,0,10,3,1
552,7,55,1,1,2,0
555,0,64,1,9,2,0
578,6,38,0,4,1,0
579,7,35,1,8,3,0
600,9,79,0,1,0,0
605,7,32,1,10,3,0
607,5,39,0,2,3,0
616,7,47,1,5,1,0
638,8,51,0,5,3,1
675,7,41,1,10,3,0
683,5,41,1,4,2,0
684,6,41,0,1,0,0
692,7,56,0,6,3,0
699,7,38,0,4,1,0
700,6,33,1,4,2,0
724,3,34,0,4,1,1
729,7,53,0,4,0,0
738,5,39,1,4,3,0
739,1,39,0,4,0,0
742,5,60,0,2,0,0
743,7,61,1,4,2,0
758,7,41,0,4,2,0
794,0,42,1,4,2,0
802,5,36,1,9,3,0
803,3,34,0,4,0,0
809,5,42,0,1,0,0
813,5,62,0,6,0,0
829,6,35,0,4,3,0
832,8,31,1,8,2,1
859,7,43,1,9,2,0
869,5,39,1,1,2,0
879,7,47,0,7,1,0
880,6,23,0,1,0,0
881,6,21,1,6,0,0
889,3,62,1,7,1,0
890,6,60,0,4,2,0
891,3,41,0,4,1,0
892,8,40,1,4,2,0
893,5,17,0,1,0,0
903,6,29,1,4,1,0
905,7,57,0,6,2,0
909,8,41,0,10,1,0
910,7,67,1,5,0,0
911,7,64,0,2,0,0
915,3,46,1,5,3,0
916,5,45,0,4,1,0
917,6,22,0,4,2,0
918,7,20,1,4,0,1
920,5,35,1,4,1,0
921,10,60,0,4,0,0
922,6,55,1,3,3,0
923,6,24,1,6,0,0
925,9,58,1,7,3,0
926,8,57,0,5,1,0
929,7,54,1,6,3,1
932,8,18,1,1,0,1
957,5,42,0,10,1,0
958,7,42,1,10,3,0
963,6,45,0,10,2,0
966,7,56,0,10,3,0
968,10,25,0,7,1,1
971,8,46,0,4,0,0
977,6,67,0,10,0,0
1006,7,40,1,9,1,0
1007,7,29,0,10,2,0
1019,7,53,1,7,3,0
1025,6,53,1,4,1,0
1049,5,41,0,4,1,0
1050,7,41,1,7,3,0
1055,3,34,1,4,1,0
1056,4,32,0,7,1,0
1062,9,57,0,6,1,0
1065,7,49,1,7,3,0
1066,6,47,0,6,1,0
1070,7,40,0,9,1,0
1074,8,40,1,8,3,1
1080,5,33,1,1,2,0
1087,8,55,1,6,1,1
1088,10,52,0,2,0,0
1091,0,34,1,4,2,0
1099,7,40,1,4,1,0
1101,8,35,0,4,1,0
1109,5,33,0,1,0,0
1118,8,49,0,6,0,0
1137,5,42,1,10,3,0
1169,8,36,0,4,3,0
1187,8,42,0,6,1,0
1193,4,26,1,4,1,1
1197,9,49,1,10,3,0
1198,2,48,0,3,0,0
1199,8,17,0,0,0,0
1203,7,42,1,7,2,0
1204,8,41,0,4,0,1
1211,6,44,0,6,3,0
1214,6,51,1,7,3,0
1222,7,40,0,10,1,0
1226,5,44,1,10,3,0
1227,7,38,0,4,0,0
1228,5,17,1,1,0,0
1233,7,34,1,10,2,0
1234,10,32,0,10,0,0
1241,10,41,1,8,3,0
1248,8,53,1,1,2,0
1249,9,50,0,2,1,1
1250,7,22,0,1,1,0
1251,5,19,0,0,0,0
1252,7,17,0,1,0,1
1254,5,30,0,4,2,0
1282,7,47,1,4,3,0
1284,7,42,0,4,2,0
1288,4,43,0,4,1,0
1316,6,51,0,6,1,1
1320,3,32,1,4,1,0
1321,7,55,1,10,3,0
1322,7,53,0,10,3,0
1325,7,23,0,6,0,0
1326,7,46,1,8,3,1
1327,7,44,0,7,0,0
1328,6,18,0,0,0,0
1329,8,16,0,1,0,0
1348,8,40,1,10,3,0
1359,7,36,1,9,3,0
1361,4,49,1,5,1,1
1372,5,60,0,10,2,0
1373,9,58,1,10,1,0
1374,9,35,0,10,3,0
1375,6,35,1,9,3,0
1376,10,41,1,4,3,0
1387,7,27,1,4,2,0
1388,5,24,1,8,1,0
1393,8,40,0,4,1,0
1398,5,61,1,9,1,0
1400,4,29,0,4,1,0
1401,8,48,1,9,3,0
1402,5,46,0,6,1,0
1403,7,21,0,6,0,0
1412,7,61,0,4,0,0
1413,5,60,1,4,3,0
1414,5,25,1,5,2,1
1415,5,23,1,4,1,1
1423,4,56,1,4,2,0
1426,10,47,0,6,1,0
1430,10,48,0,6,0,0
1435,5,32,0,10,1,0
1437,0,49,0,6,2,0
1442,6,62,0,4,2,0
1448,6,57,0,4,0,0
1452,9,63,0,6,1,0
1454,7,48,0,10,0,0
1455,8,48,1,5,3,0
1464,8,35,1,10,3,0
1470,5,36,1,4,1,0
1479,7,37,1,10,3,1
1487,8,44,1,4,1,0
1488,8,41,0,10,1,0
1492,7,47,0,6,1,0
1498,8,44,1,9,3,0
1499,9,45,0,6,0,0
1500,5,15,0,0,0,0
1515,8,60,1,4,2,0
1516,8,41,1,4,1,0
1521,7,42,0,6,2,0
1527,3,58,1,4,3,0
1528,4,57,0,1,0,0
1536,6,58,1,1,2,0
1541,5,61,1,8,3,0
1543,5,32,0,6,1,0
1554,7,31,1,10,2,0
1571,9,49,1,7,1,0
1572,5,46,0,10,0,0
1573,6,16,1,1,0,0
1574,8,15,1,0,0,0
1583,5,42,1,4,3,0
1586,6,65,1,10,3,0
1606,5,40,1,4,2,0
1611,7,28,0,4,1,1
1624,10,30,0,6,2,0
1627,6,53,0,4,0,0
1635,5,32,1,7,3,0
1643,5,38,0,4,1,1
1656,8,46,0,4,1,0
1657,8,44,1,4,2,0
1660,3,61,0,4,0,0
1665,8,50,1,10,3,0
1666,7,31,0,10,0,0
1669,6,37,0,2,1,0
1670,7,48,0,10,3,0
1673,5,17,1,0,0,1
1679,7,56,1,4,3,0
1681,6,26,0,4,1,0
1682,5,21,1,4,1,0
1683,6,59,0,2,3,0
1692,7,50,0,4,2,0
1695,9,47,1,1,3,0
1696,7,46,0,8,0,0
1697,5,17,1,0,0,0
1698,7,15,0,0,0,0
1713,7,62,0,4,1,0
1722,5,54,0,10,3,0
1740,7,37,0,4,1,0
1743,5,21,0,0,0,0
1760,8,30,0,4,1,0
1764,7,36,1,9,2,0
1775,7,59,1,6,1,0
1776,2,41,1,7,3,0
1791,7,46,1,6,3,1
1815,7,34,1,10,3,0
1818,7,35,0,6,1,0
1819,2,49,1,8,3,0
1826,4,49,1,10,3,0
1827,5,41,0,4,0,0
1837,7,55,1,4,3,0
1838,5,52,0,4,1,0
1839,8,23,0,6,1,0
1842,10,51,1,4,2,0
1850,8,53,0,4,0,0
1851,8,52,1,7,3,0
1856,7,49,0,6,0,0
1858,7,18,0,1,0,0
1870,8,48,0,7,1,0
1875,5,60,1,5,1,0
1877,5,56,0,4,0,0
1885,2,40,0,4,2,0
1894,8,63,0,1,0,0
1898,9,44,0,10,1,0
1899,8,17,0,0,0,1
1904,10,61,1,4,1,0
1907,4,44,1,7,3,0
1911,5,42,0,7,1,0
1912,9,17,1,0,0,1
1913,5,15,1,0,0,0
1921,3,20,0,4,1,0
1924,5,37,1,4,2,0
1933,6,38,1,4,3,0
1937,10,61,0,4,2,0
1938,7,59,1,9,3,0
1939,8,45,0,4,1,0
1940,7,64,1,10,0,0
1941,5,61,0,5,1,0
1942,7,32,1,10,1,1
1943,7,34,0,10,1,0
1945,6,60,1,10,3,0
1946,9,28,1,9,1,0
1947,7,26,1,10,2,0
1957,5,50,0,4,2,0
1962,8,65,0,9,0,0
1983,8,63,0,4,1,0
1995,5,37,0,4,2,0
1996,3,35,1,4,2,0
2008,3,42,0,4,1,0
2011,8,61,1,10,3,0
2012,7,61,0,10,1,0
2014,8,45,1,8,3,0
2020,5,56,1,4,2,0
2024,5,19,1,1,0,1
2034,5,48,1,7,2,0
2044,8,40,1,9,3,0
2060,5,61,0,6,2,0
2067,8,57,0,4,1,0
2075,7,47,0,6,2,0
2088,8,52,0,10,3,0
2089,8,62,1,9,1,0
2092,8,55,1,9,3,0
2093,7,51,0,10,2,0
2094,7,22,0,6,0,0
2096,9,38,0,4,2,0
2107,6,38,0,4,1,0
2109,8,41,1,8,3,0
2116,8,43,0,10,1,0
2117,4,42,1,10,3,1
2121,4,47,0,4,2,0
2124,5,48,0,4,1,0
2125,6,52,0,4,3,0
2130,9,60,1,9,1,0
2134,7,54,1,10,3,0
2135,8,53,0,7,0,0
2154,6,26,1,6,0,0
2156,8,49,1,4,1,0
2160,10,35,0,7,1,0
2172,7,68,0,7,1,0
2174,8,68,1,4,0,0
2189,6,42,1,4,2,0
2193,7,49,0,4,0,0
2194,4,49,1,7,3,0
2196,6,19,1,4,0,0
2198,7,55,1,4,2,0
2201,9,63,1,8,3,0
2202,5,60,0,4,3,1
2208,7,26,0,9,0,0
2220,8,36,1,10,3,0
2225,6,39,0,2,0,0
2239,4,22,0,6,1,0
2243,7,43,1,10,3,0
2244,7,38,0,5,1,0
2247,8,38,1,9,3,1
2260,7,43,0,4,1,0
2268,6,41,0,5,0,0
2269,8,45,1,4,2,0
2272,6,52,0,10,3,0
2275,6,48,0,4,1,0
2277,7,24,1,6,0,0
2288,7,57,0,10,3,0
2309,8,46,1,10,3,0
2312,8,46,1,9,3,0
2314,7,43,1,7,2,0
2316,8,42,0,7,0,0
2317,7,46,1,10,3,0
2320,5,50,0,4,1,1
2326,8,51,1,8,2,0
2327,8,48,0,6,0,0
2351,8,41,1,9,3,0
2354,7,71,1,7,3,0
2356,6,41,0,10,3,0
2357,3,37,0,4,2,0
2361,8,44,1,7,2,0
2367,7,34,0,10,3,0
2368,9,34,1,10,3,0
2369,7,49,1,4,2,0
2370,9,45,0,4,0,1
2373,8,70,1,9,1,0
2375,6,48,1,4,3,0
2380,1,70,0,1,0,0
2389,5,40,1,4,2,0
2391,10,46,1,6,3,0
2395,7,52,0,4,2,0
2397,3,20,1,4,0,0
2398,5,18,1,0,0,0
2421,8,32,1,10,1,0
2422,8,27,1,6,1,0
2426,7,60,0,5,0,0
2430,8,37,0,10,3,0
2439,7,48,0,10,2,0
2445,9,41,1,9,3,0
2446,8,50,1,9,2,0
2447,10,42,0,9,1,0
2465,8,38,1,10,3,1
2466,8,32,0,10,0,0
2472,8,32,0,5,2,0
2485,8,40,0,6,0,0
2489,7,42,1,4,1,0
2490,7,39,0,1,1,0
2494,8,58,1,4,2,0
2495,7,54,0,4,1,0
2496,6,20,1,4,1,0
2497,7,18,0,0,0,0
2498,2,50,1,4,3,0
2513,7,54,1,1,1,0
2514,8,49,0,9,3,0
2515,7,23,1,6,0,0
2569,7,56,1,8,3,0
2570,4,55,0,4,0,0
2590,4,56,1,4,0,0
2591,7,53,0,4,0,0
2593,8,25,0,6,1,0
2608,6,69,1,4,1,0
2614,8,54,0,3,3,0
2623,5,63,0,1,0,0
2624,5,48,1,9,3,0
2625,7,56,1,4,3,0
2640,4,37,0,9,3,0
2667,6,53,0,5,1,0
2670,8,37,1,6,3,0
2675,8,64,0,6,1,0
2680,4,36,0,7,1,0
2696,4,58,0,8,1,0
2704,4,46,0,4,0,0
2706,6,46,0,4,1,0
2707,5,46,1,8,3,0
2708,7,24,0,6,2,0
2710,7,20,0,3,0,0
2712,8,53,1,4,1,0
2713,7,51,0,4,2,0
2714,8,50,1,4,3,0
2716,8,17,0,1,0,0
2717,3,15,1,0,0,1
2721,9,29,0,6,1,0
2723,7,21,0,6,0,0
2730,7,61,0,4,1,0
2736,5,61,1,4,3,1
2743,3,56,0,1,0,0
2752,6,56,0,4,0,0
2772,7,42,0,4,1,0
2779,5,58,0,4,0,0
2780,5,45,1,7,3,0
2782,5,16,1,0,0,1
2801,8,39,1,1,1,0
2812,5,41,1,10,3,0
2813,6,38,0,9,0,0
2842,2,58,0,6,1,0
2843,5,46,1,4,2,0
2844,5,48,0,2,0,0
2857,8,40,1,10,3,1
2865,6,46,1,1,1,0
2866,7,45,0,6,1,0
2873,8,43,0,6,3,0
2874,4,43,1,4,2,0
2876,5,17,1,1,0,0
2886,6,41,0,4,1,0
2889,8,47,1,6,3,0
2890,9,45,0,6,0,0
2891,7,20,0,6,0,0
2909,8,49,0,2,1,0
2934,8,40,1,7,3,0
2947,4,61,1,4,1,0
2948,9,55,0,1,0,0
2950,6,27,0,2,0,0
2954,8,34,1,4,3,0
2958,7,39,1,7,2,0
2959,5,34,0,4,0,0
2972,6,52,0,4,1,0
2973,5,53,1,9,3,0
2982,2,47,1,4,3,0
2983,2,44,0,10,2,0
2986,3,39,1,7,3,0
3007,7,55,0,7,2,0
3023,9,66,1,2,0,0
3046,7,37,0,7,1,0
3048,8,40,0,7,1,0
3053,4,69,0,7,0,1
3069,8,68,0,9,1,0
3070,5,30,1,6,1,1
3071,8,61,1,6,3,0
3072,8,58,0,4,0,0
3088,5,47,0,1,1,0
3091,7,53,0,4,0,0
3095,7,33,1,4,1,0
3096,4,32,0,7,1,0
3097,4,41,1,9,3,0
3113,4,36,0,2,0,0
3125,9,37,0,4,0,0
3144,8,62,1,7,1,0
3145,6,51,0,4,2,0
3146,10,53,1,10,3,0
3147,8,53,0,8,0,0
3150,8,56,0,6,3,0
3151,9,53,0,9,1,0
3152,7,52,1,10,3,0
3154,8,20,0,6,0,0
3155,9,18,1,1,0,0
3159,7,58,1,7,3,0
3160,7,58,0,9,1,0
3162,8,28,0,10,1,0
3170,5,54,1,4,3,0
3175,7,50,0,4,0,0
3178,2,45,1,4,1,0
3179,4,44,0,4,1,0
3181,8,17,1,1,0,1
3188,4,31,1,1,2,0
3190,7,36,1,7,3,1
3191,7,34,0,4,0,0
3193,7,37,0,4,0,0
3216,8,41,1,10,3,0
3226,10,57,1,10,3,0
3227,6,56,0,10,0,0
3229,7,26,1,6,0,0
3231,8,26,1,6,0,0
3232,5,43,1,4,1,0
3238,7,50,0,4,1,0
3252,0,38,0,1,0,0
3255,7,55,1,10,3,0
3258,7,24,0,6,1,0
3265,9,52,0,10,2,0
3276,10,56,1,7,3,0
3279,1,24,0,4,1,0
3287,8,40,1,4,3,0
3288,5,37,0,5,0,0
3292,9,37,1,8,1,0
3296,6,60,1,8,3,0
3297,7,58,0,4,0,0
3299,8,27,0,9,2,0
3300,10,25,0,7,1,1
3301,7,52,1,6,3,0
3302,5,49,0,6,3,0
3305,4,34,1,4,2,0
3315,5,50,1,7,2,0
3335,8,78,0,7,1,1
3340,8,21,0,4,0,0
3341,10,20,0,6,0,0
3342,5,34,0,5,2,0
3345,6,25,0,7,2,0
3357,8,23,1,4,1,0
3363,8,45,1,4,2,0
3364,8,43,0,2,1,0
3366,10,18,0,0,0,1
3371,6,25,0,10,2,0
3373,5,55,0,1,3,0
3378,5,53,0,1,0,0
3380,6,48,1,10,3,0
3383,4,59,1,4,3,0
3384,8,57,0,4,1,0
3394,8,26,1,10,2,0
3402,5,56,0,5,1,0
3410,7,55,0,7,1,1
3413,6,47,1,4,2,0
3414,4,45,0,2,0,0
3422,8,58,0,4,2,0
3443,8,29,1,6,0,0
3449,8,59,0,4,1,0
3458,5,64,1,4,2,0
3460,7,40,0,10,1,0
3480,6,32,0,10,3,0
3484,7,41,1,7,3,0
3486,5,15,1,0,0,0
3517,4,40,1,8,3,0
3524,6,37,1,4,2,0
3525,6,30,0,4,1,1
3526,2,76,1,6,0,0
3534,4,49,1,5,3,0
3544,6,45,0,4,0,0
3545,6,37,1,9,1,0
3551,5,23,1,6,0,0
3557,6,64,1,4,3,0
3558,6,26,0,9,0,0
3559,10,26,1,4,1,0
3560,0,20,1,0,0,0
3570,7,35,0,4,2,0
3571,5,34,1,4,1,0
3577,9,39,1,10,2,0
3580,7,65,0,5,1,0
3582,8,42,1,9,2,0
3583,6,39,0,4,1,0
3605,10,40,1,4,2,0
3609,7,60,1,10,3,0
3610,7,51,0,5,2,0
3613,7,20,1,4,1,1
3621,5,52,1,4,3,0
3624,7,49,0,9,1,0
3643,4,58,1,10,3,0
3646,5,15,1,1,0,0
3647,8,37,1,9,3,0
3657,5,50,1,4,1,1
3658,6,44,0,4,0,0
3666,7,41,0,6,0,0
3669,8,42,1,4,3,0
3688,5,36,1,10,3,0
3705,5,35,1,4,1,0
3710,8,32,0,10,0,0
3729,7,25,1,10,1,0
3745,6,45,0,4,1,0
3767,8,37,1,4,2,1
3770,10,41,1,10,3,0
3771,10,41,0,6,1,0
3788,7,52,1,5,3,0
3789,8,39,0,7,2,0
3813,5,27,1,10,2,0
3817,8,52,0,10,3,0
3818,10,41,1,10,2,0
3827,6,72,1,10,0,0
3840,6,44,1,10,3,0
3858,8,54,1,6,3,0
3859,8,53,0,5,0,0
3865,7,37,1,4,3,0
3866,10,64,1,10,3,0
3868,6,55,0,5,1,0
3869,9,31,0,10,2,0
3870,6,28,1,4,0,0
3899,6,42,0,6,3,0
3900,7,66,1,7,0,0
3916,6,45,1,0,3,0
3917,7,44,1,1,1,0
3918,4,20,1,5,0,0
3925,8,42,1,10,3,0
3926,6,42,0,10,1,0
3938,5,31,0,8,1,1
3939,5,29,1,4,3,1
3947,6,50,0,4,2,0
3948,7,48,0,3,1,0
3949,3,44,1,5,1,0
3977,4,45,1,7,3,1
3978,3,42,0,4,0,0
3989,8,28,1,6,1,0
3991,2,18,1,5,1,1
3993,7,45,1,5,1,0
3995,8,18,1,1,0,0
3996,9,16,1,1,0,1
4005,8,55,0,4,3,0
4009,7,44,0,4,1,0
4018,8,34,1,10,2,0
4035,8,38,1,6,2,0
4036,9,37,0,6,1,0
4040,9,51,1,6,3,0
4050,3,68,0,5,0,0
4056,7,47,1,3,3,0
4082,7,40,0,10,2,0
4083,7,38,1,7,3,0
4088,5,18,0,1,0,0
4094,6,54,0,5,1,0
4101,5,30,1,5,1,1
4110,9,39,0,6,0,0
4117,7,51,1,10,3,1
4118,5,49,0,9,0,0
4120,2,17,1,0,0,1
4128,0,56,1,4,3,1
4137,7,50,0,10,3,0
4154,6,50,0,10,0,0
4157,2,19,1,6,1,0
4160,7,50,0,2,1,0
4176,8,38,1,9,3,1
4177,9,38,0,5,1,1
4189,5,36,1,10,3,0
4193,6,29,0,10,1,0
4206,6,55,1,8,3,0
4211,7,55,1,4,3,0
4212,3,49,0,8,1,0
4214,3,18,0,2,0,1
4236,8,52,1,10,3,1
4237,6,47,0,5,1,0
4238,6,24,1,1,0,0
4243,4,28,1,3,1,0
4244,7,51,1,1,2,0
4249,7,38,1,6,3,0
4250,8,47,0,6,2,0
4251,5,44,1,4,2,0
4260,4,33,1,4,3,0
4261,5,29,0,4,1,0
4262,5,42,1,9,2,0
4263,6,41,0,4,1,0
4266,5,61,1,9,2,0
4268,7,52,0,4,0,0
4273,6,44,0,8,0,0
4279,7,15,1,1,0,0
4280,6,60,0,6,1,0
4283,10,56,0,2,1,0
4284,7,27,0,6,1,0
4290,10,49,1,10,3,0
4291,10,45,0,4,2,0
4295,5,56,0,4,2,0
4299,2,55,0,4,1,0
4303,8,36,0,10,1,0
4304,8,33,1,10,3,0
4315,8,51,0,10,3,1
4322,7,53,0,4,0,0
4326,6,39,0,10,2,0
4327,5,37,1,10,3,0
4332,5,51,1,10,3,0
4347,9,35,1,6,1,0
4358,0,37,0,5,2,1
4367,5,31,1,8,3,0
4370,4,60,0,1,0,0
4379,9,51,1,10,3,0
4380,7,51,0,10,1,1
4381,5,21,1,6,0,0
4384,7,60,1,10,3,0
4385,7,58,0,10,1,0
4386,6,30,1,10,3,1
4387,6,28,1,10,1,0
4388,7,23,0,1,0,0
4389,10,41,1,10,3,0
4390,7,36,0,10,2,0
4392,7,40,1,10,3,0
4393,7,36,0,10,1,0
4398,4,39,0,10,3,0
4406,5,46,1,5,3,0
4409,0,17,0,1,0,0
4413,7,23,0,3,0,0
4433,7,20,0,6,0,0
4437,10,50,0,5,1,0
4444,8,65,1,10,3,0
4445,5,60,0,8,0,0
4450,7,50,1,9,3,0
4451,5,48,0,10,2,0
4454,7,51,1,7,3,0
4470,6,62,1,10,3,0
4472,8,33,0,10,1,0
4477,5,59,1,4,3,0
4486,3,39,1,10,3,0
4493,5,44,1,7,3,0
4499,10,49,0,10,2,0
4510,8,60,0,8,0,0
4515,8,62,0,6,0,0
4516,7,52,1,4,3,0
4517,5,40,0,10,1,0
4526,6,31,1,10,2,0
4527,7,48,1,1,2,0
4528,2,44,0,1,1,0
4550,4,72,1,10,0,0
4562,8,42,1,8,3,0
4579,8,64,0,10,3,0
4596,6,58,0,4,3,0
4609,7,47,0,5,0,0
4610,4,46,1,4,2,0
4611,5,17,0,1,0,0
4612,5,15,1,0,0,1
4649,8,55,1,4,3,1
4650,8,51,0,6,1,0
4651,8,26,0,10,2,0
4652,7,25,0,6,1,0
4659,8,38,0,8,0,0
4660,7,38,1,9,3,0
4671,8,46,1,10,1,0
4672,10,43,0,6,1,0
4673,4,17,1,1,0,1
4681,8,52,0,5,3,0
4682,7,19,1,1,0,0
4685,9,48,0,4,0,0
4700,10,29,0,6,1,0
4702,5,32,0,4,0,0
4708,5,39,1,7,3,0
4709,6,35,0,10,1,0
4716,5,67,1,1,0,0
4726,5,41,0,4,0,0
4729,5,55,1,1,3,0
4732,9,42,0,7,1,1
4733,7,18,0,1,0,0
4734,8,15,1,0,0,0
4746,6,39,0,5,0,0
4749,5,50,0,10,2,1
4753,5,32,0,4,0,0
4760,1,39,0,6,1,0
4777,8,45,1,4,2,0
4778,9,44,0,10,1,0
4791,8,59,1,4,0,0
4792,5,61,1,4,2,0
4793,6,45,0,10,2,0
4795,8,45,0,6,1,0
4801,10,46,0,5,1,0
4802,5,45,1,4,1,0
4805,5,18,1,1,0,0
4815,8,41,1,10,3,0
4821,8,61,0,1,0,0
4830,7,59,1,10,3,0
4833,8,53,1,5,3,0
4836,5,50,0,1,0,0
4839,5,37,0,6,2,0
4858,8,59,0,10,2,0
4859,9,59,1,10,3,0
4861,8,26,1,10,1,0
4863,7,42,0,10,1,1
4893,7,47,0,3,1,0
4908,5,63,0,4,0,0
4909,8,54,1,8,3,0
4934,6,37,0,10,2,0
4941,5,49,1,8,2,0
4942,5,39,0,1,1,0
4947,2,23,0,6,0,0
4964,9,62,0,10,3,0
4966,7,43,0,6,1,0
4968,7,33,0,6,1,0
4973,8,36,0,10,2,0
4975,6,51,1,10,3,0
4976,8,40,0,5,0,0
4980,9,54,0,1,2,0
4992,5,63,0,1,1,0
4995,4,63,1,10,1,0
4996,10,42,0,7,2,0
5002,6,27,1,10,1,0
5004,0,52,1,1,2,0
5005,5,52,0,3,1,0
5013,6,34,0,6,2,0
5029,7,51,0,10,1,1
5036,8,44,0,4,2,0
5061,6,41,0,4,0,0
5062,5,36,1,4,3,0
5066,7,36,0,5,1,0
5085,7,46,0,10,3,0
5087,8,63,1,7,2,1
5088,7,60,0,4,3,0
5105,8,33,0,4,1,0
5107,0,47,1,1,3,0
5108,6,43,0,1,1,0
5123,6,43,1,10,3,0
5124,9,40,0,10,1,0
5145,10,43,0,5,0,0
5152,4,55,1,10,3,0
5153,7,52,0,7,1,0
5154,6,28,1,10,2,0
5156,7,62,1,6,0,0
5157,6,60,0,4,0,0
5165,5,45,1,8,3,0
5166,3,51,1,5,0,0
5167,8,53,0,7,1,0
5169,8,56,0,5,1,0
5171,9,52,0,4,1,0
5177,8,59,0,6,1,0
5178,5,37,1,7,3,0
5179,0,32,0,4,0,0
5199,5,51,0,6,3,1
5200,8,25,0,6,1,0
5245,7,30,1,8,3,0
5286,8,57,0,4,1,0
5291,10,60,1,4,1,0
5300,8,57,1,9,3,0
5302,6,20,0,6,0,0
5305,8,52,0,6,1,0
5307,7,22,0,4,1,0
5309,5,31,0,4,2,1
5319,7,41,0,6,1,0
5321,7,17,1,0,0,0
5335,8,34,0,7,2,0
5350,8,44,0,7,0,0
5352,5,45,1,4,3,0
5354,8,58,0,1,0,0
5368,9,54,1,4,3,0
5369,9,50,0,2,0,0
5370,7,45,1,9,3,0
5371,8,38,0,4,0,0
5375,10,57,0,5,0,0
5377,7,30,0,6,1,0
5378,7,43,0,1,0,0
5381,6,19,0,0,0,0
5389,8,61,1,8,3,0
5390,8,57,0,9,1,1
5394,8,35,0,10,3,0
5401,5,44,0,6,1,0
5444,7,44,1,4,0,0
5476,8,46,1,10,3,0
5484,8,63,0,4,0,0
5485,8,63,1,10,1,1
5493,6,38,1,10,3,0
5511,10,19,1,6,0,0
5519,5,56,0,6,3,0
5520,8,43,1,4,3,0
5521,8,39,0,4,0,0
5522,5,17,0,0,0,0
5526,8,34,1,9,3,0
5527,8,32,0,6,1,0
5528,3,38,1,7,3,1
5529,8,37,0,6,1,0
5532,7,47,0,9,2,0
5533,8,44,1,9,3,0
5538,7,37,0,2,0,0
5539,8,36,1,4,3,0
5564,8,62,1,4,3,0
5566,4,41,0,5,1,0
5575,7,41,1,10,2,0
5576,6,45,0,4,2,0
5577,7,19,0,0,0,0
5578,2,17,0,0,0,0
5579,9,15,0,1,0,0
5580,5,52,1,4,2,0
5581,8,43,0,4,0,0
5587,8,55,1,4,3,0
5588,6,47,0,4,1,0
5591,3,43,1,7,2,0
5592,5,35,0,4,0,0
5637,8,43,0,6,1,0
5638,8,37,1,9,3,0
5640,4,53,1,6,3,1
5641,7,41,0,4,0,0
5645,0,48,0,4,1,0
5659,7,46,0,3,0,0
5661,3,16,1,1,0,1
5662,6,51,1,10,2,0
5663,8,48,0,4,1,0
5667,6,37,0,4,0,0
5673,5,33,0,4,0,0
5676,9,35,0,4,1,0
5677,8,33,1,4,1,0
5681,7,45,1,10,3,0
5682,5,39,0,4,3,1
5707,5,49,0,2,1,0
5720,8,54,1,4,2,0
5732,6,31,1,4,2,1
5747,8,58,1,9,2,0
5750,7,26,0,6,2,1
5768,0,58,1,1,2,0
5769,5,43,0,2,0,0
5770,8,19,1,0,0,0
5782,6,41,1,4,2,0
5783,8,40,0,6,1,0
5787,7,45,1,4,2,0
5788,7,44,0,4,1,0
5797,5,59,0,2,1,0
5799,9,55,0,7,1,0
5807,5,38,1,4,2,1
5832,7,48,1,7,2,0
5834,6,14,0,0,0,0
5837,5,49,1,7,3,0
5839,6,19,0,1,0,0
5840,8,16,1,1,0,0
5845,5,34,0,6,1,0
5854,5,53,1,4,3,0
5855,3,50,0,4,2,0
5860,7,51,1,7,3,0
5861,7,43,0,4,0,0
5884,6,55,1,5,1,0
5893,3,67,1,2,0,0
5905,5,60,0,5,0,0
5914,0,40,1,4,3,0
5928,10,70,1,6,1,0
5929,5,44,0,7,0,0
5948,6,64,1,9,1,0
5949,7,62,0,4,1,0
5976,7,53,1,6,3,0
5977,8,52,0,6,1,0
5978,7,18,1,1,0,0
5990,5,41,1,4,2,0
5991,6,33,0,6,0,0
5996,8,48,0,7,1,0
6014,8,49,0,6,1,0
6020,7,59,1,8,3,0
6025,9,41,0,4,0,0
6034,8,53,1,4,1,0
6036,6,26,0,4,1,0
6039,7,51,1,4,3,0
6049,5,57,0,5,0,0
6051,5,18,0,2,0,0
6058,7,53,1,10,3,0
6069,7,37,0,4,2,0
6075,5,33,0,10,1,0
6083,3,54,0,4,0,1
6110,4,39,0,4,0,0
6122,6,54,0,3,3,0
6123,6,25,1,4,2,0
6124,5,34,1,7,2,0
6166,8,60,1,4,3,0
6178,8,34,0,10,3,0
6186,4,44,1,4,3,0
6187,7,17,1,0,0,1
6193,4,38,1,4,2,0
6194,1,21,0,8,0,1
6213,6,59,0,4,0,0
6221,8,57,1,5,2,1
6233,7,42,0,10,2,0
6254,6,46,0,5,1,0
6268,6,64,0,4,0,0
6294,10,63,1,3,0,0
6297,8,23,1,3,0,0
6304,8,42,0,4,0,0
6307,8,62,1,6,3,0
6310,8,61,1,4,3,0
6311,9,60,0,4,0,1
6317,7,51,1,10,1,0
6320,6,42,1,10,3,0
6321,7,39,0,2,0,0
6322,5,14,0,0,0,1
6326,8,53,0,9,2,0
6330,8,48,1,4,3,0
6332,4,18,0,1,0,0
6333,10,16,0,1,0,0
6337,9,48,1,9,3,0
6338,9,35,0,8,3,0
6339,8,40,1,4,3,0
6340,8,35,0,10,0,0
6370,6,33,0,8,1,0
6371,7,42,1,4,2,0
6374,9,47,1,10,1,0
6375,10,45,0,10,1,0
6376,7,19,1,0,0,0
6388,7,49,1,4,2,0
6390,7,58,0,4,1,0
6398,7,60,1,4,3,0
6399,8,58,0,6,1,0
6400,7,28,1,9,2,0
6401,6,26,0,6,0,0
6415,7,60,1,3,3,0
6417,7,37,0,6,0,0
6418,8,37,1,10,3,0
6426,8,65,1,4,0,0
6427,5,64,0,4,0,0
6445,8,53,1,4,3,0
6452,8,51,0,10,2,0
6453,7,51,1,10,3,0
6456,4,66,0,7,1,0
6457,7,61,1,4,1,0
6458,6,61,1,8,3,0
6459,8,59,0,4,0,0
6462,5,36,0,7,1,0
6463,9,36,1,6,3,0
6464,6,14,1,0,0,0
6466,6,33,1,10,3,0
6467,8,32,0,6,3,0
6477,4,60,1,4,3,0
6484,7,49,0,4,1,0
6485,7,43,1,8,3,0
6486,7,41,0,6,1,0
6488,5,19,1,0,0,0
6489,7,18,0,1,0,0
6490,5,17,0,1,0,0
6492,5,38,0,4,1,0
6496,7,42,0,4,1,0
6498,9,40,0,10,0,0
6499,8,39,1,7,2,0
6506,7,55,1,4,1,0
6507,10,47,0,10,2,0
6510,8,34,1,7,2,0
6511,6,31,0,4,0,0
6514,7,39,1,9,3,0
6515,6,33,0,5,0,0
6541,5,42,1,10,3,0
6554,7,54,1,4,3,0
6561,0,32,0,4,0,0
6562,8,44,0,10,2,0
6563,5,42,1,4,1,0
6567,7,48,0,2,1,0
6575,8,45,1,9,2,0
6584,8,64,1,7,1,0
6586,10,52,0,5,1,0
6587,8,52,1,10,3,0
6588,8,23,0,6,0,0
6589,6,20,0,5,0,0
6603,9,28,0,10,0,0
6612,6,45,1,7,3,0
6622,8,61,1,10,3,0
6623,10,39,1,9,2,0
6633,10,35,0,10,3,1
6640,7,67,0,4,0,0
6641,7,51,0,2,1,0
6649,9,64,1,10,3,0
6650,7,62,0,7,1,0
6651,8,33,0,10,3,0
6652,5,31,1,10,2,0
6662,8,24,0,1,2,1
6666,8,51,0,4,1,0
6676,8,41,0,6,1,0
6696,6,23,1,6,1,0
6697,6,21,1,4,0,0
6701,5,40,0,8,1,0
6704,5,38,0,10,3,0
6705,5,41,0,9,2,1
6706,10,39,1,4,1,1
6707,7,18,0,0,0,0
6708,6,16,0,0,0,0
6715,8,60,0,2,0,0
6718,6,25,1,7,1,0
6719,6,44,1,4,2,0
6724,8,60,1,7,1,0
6725,7,60,0,4,2,0
6726,7,41,0,9,0,0
6740,5,66,1,4,2,0
6741,7,65,0,1,0,0
6742,8,60,0,1,1,0
6744,7,32,1,9,3,1
6748,7,38,1,10,2,0
6749,6,43,0,5,1,0
6753,6,43,0,4,1,0
6764,2,32,0,4,3,1
6768,6,43,1,9,2,0
6769,7,31,0,7,3,0
6776,9,48,0,6,1,0
6810,7,63,0,7,1,0
6815,6,20,0,4,0,1
6825,9,62,1,8,3,0
6828,9,26,1,10,2,0
6835,8,41,1,10,1,0
6840,3,26,1,5,2,0
6842,8,53,1,1,3,0
6843,9,47,0,6,0,0
6846,8,59,0,6,3,0
6865,6,40,1,7,1,0
6903,7,46,1,10,3,0
6920,5,45,1,9,3,0
6921,8,41,0,7,1,0
6922,8,58,0,4,0,0
6946,0,43,0,5,1,0
6949,6,53,0,4,3,0
6956,3,50,0,9,1,1
6960,7,44,1,10,3,0
6961,9,40,0,9,1,0
6971,7,40,0,10,0,0
6974,3,39,1,1,1,0
6978,4,35,0,1,0,0
6980,5,36,1,10,3,0
6985,6,59,1,7,3,0
6997,5,47,0,6,3,0
6998,6,30,1,4,2,0
7006,9,50,0,7,1,0
7016,10,59,0,6,1,0
7023,5,36,0,6,0,0
7026,10,53,1,7,3,0
7040,7,49,0,4,0,0
7041,3,16,1,0,0,1
7047,5,42,0,4,2,0
7056,8,54,1,4,3,0
7057,8,50,0,2,1,0
7068,8,55,0,5,2,0
7071,5,19,0,0,0,0
7076,7,59,0,4,3,0
7077,5,40,1,4,1,0
7097,6,30,0,7,1,0
7098,5,29,1,8,1,0
7099,8,37,0,6,2,0
7100,8,38,0,7,2,1
7107,10,53,0,3,0,0
7108,5,22,0,6,0,0
7118,5,49,1,7,1,0
7123,5,48,0,4,2,0
7127,8,33,1,10,3,0
7131,2,53,1,4,2,0
7133,0,23,1,1,2,0
7141,5,58,0,2,0,1
7142,6,54,1,4,1,0
7143,8,36,1,9,1,0
7150,8,35,1,9,3,0
7171,8,59,0,9,1,1
7172,9,38,1,8,0,0
7179,5,45,0,5,1,0
7180,6,41,1,4,3,0
7187,7,45,1,10,3,0
7191,7,33,0,9,1,0
7199,1,33,0,4,0,0
7207,6,38,1,4,2,0
7208,0,70,1,4,0,0
7211,9,43,0,4,2,0
7215,7,66,0,10,0,0
7221,8,61,1,10,3,0
7223,7,28,1,10,2,0
7224,9,25,0,6,0,1
7235,8,44,0,4,2,0
7236,5,55,1,1,2,0
7246,8,60,0,5,1,0
7252,7,58,0,4,3,0
7273,9,55,0,6,2,0
7285,5,58,0,4,0,0
7299,5,56,1,10,3,1
7300,8,51,0,6,1,0
7301,5,16,1,1,0,0
7304,7,59,0,10,2,1
7309,8,53,0,7,2,1
7326,4,55,0,7,1,0
7327,8,57,1,4,3,0
7328,8,45,0,4,1,0
7334,5,45,0,4,0,0
7345,4,44,0,6,1,0
7351,7,47,1,4,3,0
7352,7,41,0,4,0,1
7361,9,51,0,4,2,0
7372,8,46,1,8,3,0
7377,7,44,0,4,1,0
7379,5,21,0,6,0,0
7380,7,19,0,6,0,0
7381,5,60,1,5,2,0
7391,8,52,1,9,1,0
7393,7,22,1,0,1,0
7398,5,31,0,4,2,0
7402,7,40,0,10,1,0
7425,7,60,1,1,1,0
7431,8,42,0,4,1,0
7433,3,52,0,4,0,0
7443,7,52,1,3,3,0
7459,6,34,1,4,2,0
7460,8,30,0,5,2,0
7463,0,55,0,4,0,0
7470,6,70,1,4,3,0
7475,10,42,0,9,1,0
7476,9,37,1,6,0,1
7481,8,47,0,1,1,0
7482,5,19,0,1,0,0
7483,5,16,1,1,0,0
7506,4,16,0,1,0,0
7516,8,45,1,4,1,0
7521,7,39,1,9,3,0
7529,3,43,0,6,1,0
7530,5,40,1,4,3,0
7550,7,44,0,4,0,0
7551,6,47,1,8,3,0
7552,5,17,0,0,0,0
7553,7,16,1,0,0,0
7558,6,22,0,4,1,1
7570,9,63,0,1,0,0
7575,8,69,1,10,0,0
7576,10,63,0,4,0,0
7590,2,33,1,4,1,1
7591,8,32,0,7,3,0
7601,4,29,1,4,1,0
7611,7,65,1,7,3,0
7614,5,25,1,4,2,0
7624,8,43,0,10,0,1
7630,4,34,1,10,3,0
7654,7,41,1,4,2,0
7655,7,40,0,2,1,0
7661,9,44,1,9,3,0
7670,8,44,0,6,0,0
7673,5,74,1,10,3,0
7675,10,34,0,10,1,0
7677,8,63,1,10,3,0
7683,9,64,1,4,3,0
7684,4,59,0,6,0,0
7690,6,53,0,10,2,0
7694,5,56,0,6,1,0
7709,5,41,1,4,3,0
7722,3,35,0,4,2,0
7744,10,45,0,6,3,0
7746,5,20,0,4,1,0
7748,4,48,1,10,3,0
7749,6,44,0,5,0,0
7750,8,19,1,6,0,0
7751,5,17,1,0,0,0
7753,8,37,1,9,2,1
7755,5,56,1,5,1,0
7769,3,55,0,10,3,0
7787,5,58,0,2,0,0
7828,5,41,1,10,3,0
7836,0,34,1,5,2,0
7847,8,35,0,7,1,0
7864,7,45,0,2,1,0
7865,5,43,1,5,3,0
7877,7,54,1,3,3,0
7905,5,38,1,4,2,0
7906,8,37,0,4,0,0
7921,8,59,1,7,3,0
7931,6,52,0,4,1,0
7933,7,25,1,4,0,0
7935,7,19,1,1,0,0
7936,7,53,0,6,1,1
7937,9,40,1,7,2,0
7951,7,19,0,2,0,1
7953,10,51,0,4,1,0
7954,8,22,0,1,0,0
7961,8,44,0,10,1,0
7962,7,41,0,10,1,0
7964,7,39,1,10,3,0
7965,8,38,0,10,3,0
7972,4,53,1,4,3,0
7975,7,19,1,6,0,0
7997,6,29,0,6,0,0
7999,7,36,1,4,1,0
8004,10,47,1,4,3,0
8005,10,42,0,9,1,0
8006,5,16,1,1,0,0
8020,6,44,1,6,3,0
8021,6,41,0,4,1,0
8030,5,56,0,4,1,0
8034,8,46,1,4,1,0
8043,7,34,1,7,2,0
8044,8,33,0,4,0,0
8047,5,35,0,2,0,0
8049,8,45,1,7,2,0
8055,5,44,1,6,3,0
8062,7,51,1,4,3,0
8064,8,20,0,6,0,0
8065,5,18,1,1,0,0
8074,7,54,0,6,3,0
8075,8,22,1,6,0,0
8078,7,47,0,4,0,1
8079,8,45,1,5,3,0
8092,4,50,0,4,2,0
8101,0,56,0,1,0,0
8105,7,48,0,6,1,0
8107,5,18,0,0,0,0
8108,6,43,0,2,3,0
8109,7,33,0,4,1,0
8110,3,43,1,4,3,0
8130,5,26,1,2,0,0
8146,7,53,0,1,0,0
8149,8,22,1,6,1,0
8154,8,47,1,4,3,0
8168,7,36,1,7,1,0
8181,9,44,1,7,3,0
8211,8,60,0,7,3,1
8212,5,46,1,1,1,0
8218,5,45,0,6,0,0
8219,8,21,0,6,1,0
8220,7,19,0,3,0,0
8231,6,53,1,6,3,0
8232,8,50,0,6,1,0
8233,7,23,1,6,0,0
8234,6,21,1,6,0,0
8235,8,18,1,2,0,0
8236,8,62,1,10,3,0
8237,7,47,0,9,1,0
8240,10,55,1,8,3,0
8242,8,21,1,1,1,0
8243,7,18,0,1,0,0
8264,7,41,1,9,1,0
8265,5,40,0,4,0,0
8280,8,41,1,5,1,0
8281,8,37,0,5,1,0
8285,8,46,1,7,3,0
8286,5,45,0,1,0,0
8287,8,21,1,0,0,0
8288,9,19,0,0,0,0
8307,5,56,0,7,1,0
8310,8,38,1,4,1,1
8315,10,41,0,10,2,0
8340,5,43,1,4,3,0
8344,5,57,0,10,1,0
8349,7,41,1,4,2,1
8350,8,64,1,4,1,0
8352,6,25,0,7,2,0
8353,5,23,1,1,1,1
8359,4,56,0,1,0,0
8370,9,37,1,10,3,0
8371,10,37,0,10,3,0
8374,5,41,1,6,2,0
8386,2,36,0,4,0,1
8403,8,57,0,5,0,0
8404,5,17,1,5,0,0
8408,2,18,1,1,0,1
8418,8,53,0,4,0,0
8421,7,57,1,4,3,0
8422,5,33,0,10,1,0
8426,5,43,1,4,2,0
8427,8,39,0,1,0,0
8448,5,50,0,2,2,1
8457,5,19,0,4,1,0
8470,6,41,1,4,2,0
8471,7,31,1,7,2,0
8480,10,45,1,9,3,0
8481,7,44,0,10,1,0
8482,6,14,0,0,0,0
8484,8,35,0,4,1,0
8492,7,48,0,10,3,0
8517,5,60,1,10,3,0
8518,6,59,0,2,1,0
8520,7,39,1,1,1,0
8534,4,65,1,1,1,0
8542,8,49,1,4,2,0
8559,8,63,0,7,1,0
8560,6,35,1,7,2,0
8567,9,44,0,4,2,0
8577,6,57,1,7,2,0
8601,8,47,1,4,3,0
8607,5,50,0,4,0,0
8608,7,50,1,7,3,0
8609,9,22,0,10,1,0
8610,8,20,0,4,1,0
8621,5,44,0,4,1,0
8622,8,40,1,4,2,0
8630,7,61,1,4,1,0
8632,8,17,1,0,0,0
8646,10,51,0,5,3,0
8657,6,56,0,4,2,0
8677,8,57,0,5,2,0
8688,10,31,1,9,1,0
8696,0,37,1,4,3,0
8704,6,39,1,1,1,0
8705,8,34,0,6,0,0
8716,7,64,1,7,3,0
8721,3,35,1,4,1,1
8723,9,54,1,4,2,0
8724,9,51,0,4,2,0
8725,7,26,1,9,0,0
8737,3,55,1,9,3,0
8738,8,52,0,2,1,0
8740,8,20,1,6,0,0
8748,5,30,1,10,1,0
8750,6,38,1,4,1,0
8757,7,47,0,4,1,0
8758,0,28,1,4,1,0
8759,3,24,0,4,2,1
8760,5,51,1,4,3,0
8762,6,37,1,7,2,0
8765,7,43,1,2,1,0
8767,5,37,0,4,1,0
8773,6,55,0,4,1,0
8774,5,36,1,9,3,0
8778,8,45,1,7,3,0
8780,6,36,0,7,1,0
8781,6,51,1,4,3,0
8782,7,48,0,1,1,0
8784,6,47,0,5,3,0
8796,4,25,1,6,1,0
8826,5,44,1,4,1,0
8827,8,32,0,6,0,0
8830,5,54,1,4,3,0
8831,8,49,0,6,0,0
8838,7,56,0,6,1,0
8842,7,51,0,4,1,0
8843,3,43,1,7,2,0
8845,7,27,1,7,1,0
8848,8,51,0,4,1,0
8851,6,47,1,7,2,0
8852,8,43,0,4,1,0
8853,8,16,0,0,0,0
8854,10,14,0,0,0,0
8856,9,34,0,4,0,0
8870,5,51,0,10,3,0
8871,6,57,0,4,1,0
8888,8,38,1,10,3,0
8889,10,37,0,6,1,0
8895,8,49,1,4,3,1
8911,4,53,1,10,3,1
8912,5,50,0,7,1,0
8914,6,25,0,7,1,0
8947,10,51,0,9,1,0
8950,10,22,0,6,0,0
8957,8,30,0,7,2,0
8963,0,74,1,4,0,0
8964,9,45,1,8,3,0
8982,4,42,0,7,0,0
8984,5,32,1,4,1,0
8985,6,30,1,9,2,0
8986,8,65,1,4,0,0
8987,5,63,0,4,0,0
9003,7,43,1,10,3,0
9005,7,47,0,4,1,0
9008,4,48,1,4,1,0
9026,9,31,0,4,1,0
9027,7,31,1,8,3,0
9032,6,57,1,9,3,0
9033,7,55,0,4,0,0
9039,7,59,1,7,3,0
9046,7,58,0,7,2,0
9047,6,58,1,6,3,0
9062,0,36,0,4,1,0
9064,7,39,1,7,3,0
9074,5,44,1,9,2,0
9085,0,46,1,3,2,0
9086,0,46,0,1,1,0
9091,9,58,1,10,3,0
9094,8,19,0,6,0,0
9096,9,56,1,5,3,0
9109,6,68,1,9,1,0
9110,7,53,1,7,1,0
9111,0,50,0,1,0,1
9128,2,53,1,10,2,0
9129,7,50,0,5,1,0
9139,8,43,1,10,3,0
9140,8,42,0,6,0,0
9146,8,45,1,9,3,0
9147,7,44,0,6,1,0
9148,9,16,0,1,0,0
9152,8,56,0,2,0,0
9156,7,39,0,7,1,0
9162,8,51,1,4,3,0
9167,7,64,1,10,3,0
9168,8,58,0,4,0,0
9169,7,26,0,10,1,0
9176,8,47,0,7,1,0
9179,8,41,1,7,3,0
9180,8,41,0,4,1,0
9187,6,30,0,7,2,0
9188,5,27,0,10,2,0
9190,8,45,0,4,1,0
9191,7,14,0,0,0,1
9196,9,48,1,10,3,0
9197,8,50,1,4,1,0
9212,8,43,1,10,3,1
9233,5,46,0,4,1,1
9242,7,56,1,4,3,0
9250,8,48,1,4,2,0
9256,7,79,1,7,3,0
9260,8,37,0,4,0,0
9273,7,48,0,4,0,0
9274,8,43,1,4,2,0
9275,9,23,1,4,1,0
9276,0,20,1,4,1,0
9277,3,19,1,0,0,0
9286,7,49,1,4,3,0
9287,8,43,0,6,2,0
9290,8,64,1,9,3,0
9291,7,61,0,9,0,0
9296,8,59,1,9,3,0
9343,6,53,1,4,2,0
9345,7,19,0,1,0,0
9350,8,53,1,9,3,0
9351,8,52,0,4,1,0
9352,6,22,1,4,0,1
9353,7,18,0,0,0,0
9356,5,37,0,3,1,0
9376,8,40,0,4,0,0
9377,9,37,1,9,2,0
9384,9,36,1,6,1,0
9385,8,33,0,4,1,0
9392,4,61,1,1,2,0
9398,6,40,0,6,1,0
9402,9,43,0,2,0,0
9407,9,44,1,8,2,0
9408,8,42,0,4,0,0
9420,7,45,1,8,3,0
9421,10,37,0,10,1,0
9436,7,48,0,8,1,0
9437,7,32,1,4,2,0
9439,8,25,1,4,2,0
9452,10,67,0,1,0,0
9459,8,51,1,8,3,0
9467,8,45,1,4,3,0
9469,9,38,1,4,2,0
9470,8,37,0,4,0,0
9478,8,31,0,1,0,0
9479,7,34,1,4,2,0
9482,7,43,0,4,0,0
9486,7,58,1,5,3,0
9493,9,16,0,1,0,0
9500,3,24,1,4,3,1
9503,7,53,1,4,3,0
9504,9,41,0,4,0,0
9505,8,16,0,1,0,0
9509,6,69,0,2,0,0
9518,7,41,1,7,3,0
9532,8,41,1,10,3,0
9536,6,31,1,6,1,0
9537,7,60,1,10,3,0
9564,8,46,1,7,3,0
9565,7,19,1,0,0,0
9566,7,18,1,1,0,0
9569,6,35,1,4,2,0
9580,7,52,1,10,3,0
9582,6,24,1,10,0,0
9585,5,28,1,4,1,0
9591,9,55,1,9,3,0
9592,9,50,0,6,3,0
9593,7,20,1,0,0,0
9594,10,19,1,1,0,1
9617,6,54,0,4,1,0
9618,8,53,1,9,3,0
9621,7,56,1,10,3,0
9633,8,54,0,4,2,0
9645,8,46,0,4,0,0
9667,9,63,0,4,0,0
9668,8,60,1,4,0,0
9677,7,50,1,4,3,0
9678,5,40,0,9,1,0
9681,8,46,0,2,2,0
9682,8,58,0,9,1,0
9684,7,26,1,10,1,0
9685,8,45,0,6,1,0
9704,7,46,1,10,2,0
9705,8,44,0,2,0,0
9708,8,59,1,7,0,0
9709,5,55,0,9,1,0
9711,6,30,0,7,2,0
9719,6,54,1,10,3,0
9722,7,19,0,0,0,1
9729,9,44,0,9,3,0
9730,7,23,0,6,0,0
9731,7,22,1,4,0,0
9734,7,48,0,6,1,0
9739,9,69,0,10,0,0
9742,8,48,1,4,1,0
9743,10,47,0,4,1,0
9749,9,43,1,7,3,0
9750,9,42,0,4,0,0
9754,8,27,0,4,1,0
9761,7,32,1,9,3,0
9762,8,63,0,4,3,0
9801,8,31,0,8,0,1
9810,7,51,0,10,2,0
9819,9,51,0,6,2,0
9835,10,51,1,6,2,0
9836,9,46,0,2,2,1
9837,7,16,0,1,0,0
9840,7,43,1,7,2,0
9841,7,42,0,7,1,0
9848,10,32,1,6,1,0
9856,10,47,1,4,3,0
9860,8,43,0,6,1,0
9865,6,62,0,4,0,0
9877,7,46,1,9,1,0
9887,7,49,1,4,2,0
9888,3,41,0,7,2,0
9890,8,54,0,6,3,0
9892,8,15,0,0,0,0
9903,7,35,1,9,3,0
9907,6,50,1,10,2,0
9908,7,41,0,4,1,0
9909,5,18,0,0,0,0
9915,7,51,1,9,3,0
9916,8,53,0,5,1,0
9920,2,61,0,5,1,0
9926,7,31,0,4,1,0
9939,5,51,0,4,3,0
9945,7,48,1,6,2,0
9947,8,55,0,7,2,0
9948,8,22,1,4,1,0
9950,0,35,0,4,0,0
9953,7,62,1,7,3,0
9954,7,51,0,7,1,0
9956,3,20,0,4,0,0
9975,7,62,1,6,1,1
9984,5,47,0,10,2,0
9991,6,38,0,6,0,0
9992,5,38,1,8,3,0
10000,4,81,1,4,2,0
10007,8,36,0,6,0,0
10008,8,34,1,4,3,0
10011,8,44,1,10,3,0
10012,5,42,0,10,1,0
10022,4,39,1,8,3,0
10023,10,38,0,2,0,0
10028,6,44,0,1,0,0
10029,8,17,0,1,0,0
10034,6,47,1,7,2,0
10039,8,43,0,1,0,0
10044,5,18,1,1,0,1
10056,6,55,1,7,3,0
10057,5,48,0,2,1,0
10060,8,56,1,7,3,0
10061,8,56,0,4,1,0
10062,5,49,0,4,3,0
10091,5,48,0,4,0,0
10123,9,40,0,5,1,0
10127,9,57,1,10,3,1
10128,9,23,0,2,1,0
10139,7,43,0,9,1,0
10144,6,57,0,8,1,0
10146,2,25,1,6,0,0
10150,8,51,1,1,1,0
10151,5,49,0,1,1,0
10152,3,26,1,10,2,0
10153,6,19,1,1,0,0
10155,6,27,0,10,0,0
10180,7,60,1,1,2,0
10187,8,54,0,6,0,0
10219,9,42,0,10,1,0
10220,7,14,1,0,0,1
10231,8,65,1,6,0,0
10244,5,55,0,5,1,0
10245,4,53,1,10,3,0
10246,5,27,1,10,2,0
10247,5,25,0,10,0,1
10260,5,21,1,6,0,0
10265,8,55,0,6,3,0
10270,7,59,0,10,3,1
10274,8,36,0,9,1,0
10280,5,37,1,4,1,0
10281,6,33,0,4,0,0
10285,8,52,1,4,3,0
10287,5,25,0,4,2,0
10294,10,40,0,10,0,1
10295,6,43,1,5,1,1
10296,6,42,0,7,0,0
10298,6,30,0,4,0,0
10309,7,40,0,10,3,0
10311,7,63,1,10,3,0
10312,5,70,0,5,0,0
10315,5,54,0,7,3,1
10316,7,54,1,10,3,0
10322,7,52,1,8,3,1
10323,5,49,0,7,0,0
10324,7,16,0,1,0,0
10326,8,42,1,10,3,0
10333,7,28,1,6,1,0
10335,8,46,1,4,3,0
10343,5,55,0,4,0,0
10354,5,64,1,9,0,0
10360,6,46,0,6,0,0
10363,8,33,0,4,0,1
10368,4,61,0,1,0,0
10375,6,36,1,9,3,0
10376,5,31,0,1,0,0
10388,5,41,1,10,3,0
10389,8,41,0,10,3,0
10394,5,63,0,10,3,0
10395,7,62,1,10,2,0
10404,7,43,1,10,3,0
10405,7,41,0,1,3,0
10409,5,44,1,2,3,0
10410,7,37,0,2,3,0
10413,7,59,1,9,3,0
10414,7,59,0,4,1,0
10421,9,41,0,10,3,0
10425,5,34,0,4,0,0
10430,5,39,1,6,3,0
10436,7,38,1,7,1,0
10437,5,30,0,6,1,0
10444,6,34,0,4,1,0
10447,9,47,0,10,2,0
10465,9,54,1,6,0,0
10477,6,58,1,10,3,0
10478,5,44,1,7,3,0
10479,10,42,0,4,0,0
10483,8,46,1,4,2,0
10484,4,38,0,4,1,0
10491,5,22,0,6,0,0
10492,7,18,0,1,0,1
10521,5,64,0,5,1,0
10525,8,54,1,9,3,0
10526,5,54,0,6,1,0
10546,7,58,1,10,3,0
10548,5,51,1,4,3,0
10551,2,16,1,1,0,1
10558,9,48,1,10,3,0
10571,3,30,0,4,2,1
10572,7,38,1,7,3,0
10575,0,43,1,4,2,0
10576,4,38,0,1,0,0
10580,8,48,1,8,3,0
10581,9,47,0,3,0,0
10590,5,46,1,5,3,0
10591,9,33,0,6,3,0
10597,8,64,0,9,0,0
10602,8,59,1,10,3,0
10603,9,56,0,10,0,0
10605,7,23,0,6,0,0
10615,9,34,0,1,0,0
10616,7,34,1,10,2,0
10623,5,36,0,4,1,0
10632,10,70,0,1,0,0
10639,4,40,0,4,1,0
10646,8,45,1,4,1,0
10651,5,50,0,4,1,0
10659,5,47,1,4,2,0
10682,5,37,0,4,1,0
10690,7,50,1,7,3,0
10692,0,28,1,4,0,0
10694,4,26,1,6,1,1
10705,7,60,1,1,1,0
10708,6,22,0,6,0,0
10713,8,52,1,7,1,0
10719,7,54,1,5,3,0
10721,5,27,0,10,0,0
10722,7,24,0,6,0,0
10723,3,19,1,6,0,0
10740,8,42,1,10,3,0
10748,3,60,1,4,2,0
10749,5,56,0,4,0,0
10763,6,47,1,6,2,0
10764,9,44,0,4,0,0
10773,6,31,1,9,2,0
10782,10,48,0,10,1,0
10785,8,23,0,10,0,0
10789,7,30,1,10,3,0
10800,8,58,0,10,2,0
10803,7,43,1,7,3,0
10804,4,39,0,6,0,0
10809,7,57,1,10,3,0
10813,6,58,1,6,1,0
10837,2,59,1,5,3,0
10842,5,41,1,10,3,0
10843,8,40,0,10,1,0
10845,8,33,1,9,2,0
10846,5,32,0,8,2,0
10847,8,52,1,4,2,1
10848,7,52,0,1,0,0
10850,5,23,0,6,1,0
10862,7,39,0,4,2,0
10869,10,36,0,1,1,0
10876,4,51,1,4,3,0
10877,5,42,0,4,1,0
10880,10,57,1,7,0,0
10881,0,53,0,5,1,1
10882,8,15,0,0,0,0
10884,8,50,0,7,2,1
10897,5,44,0,4,2,0
10903,8,37,1,9,3,0
10904,7,34,0,1,0,0
10910,3,54,1,4,3,0
10911,7,52,0,4,1,0
10912,7,29,0,10,3,0
10913,8,27,1,10,3,0
10914,7,23,0,6,0,0
10923,8,62,0,2,1,0
10924,3,38,1,10,2,1
10925,8,35,0,10,3,0
10931,5,56,1,4,3,1
10936,0,43,0,6,2,0
10964,3,42,1,8,3,0
10965,3,34,0,4,0,0
10969,5,37,1,10,3,0
10972,8,53,0,1,1,0
10975,5,33,1,4,1,0
10976,5,32,0,10,1,0
10982,6,40,1,10,3,0
10985,4,40,1,9,2,0
10986,2,36,0,7,1,0
10988,0,52,0,5,2,0
10989,0,25,1,4,1,0
10993,6,41,0,4,1,0
10995,8,44,1,9,3,0
10996,7,40,0,8,0,0
11007,7,35,1,10,3,1
11019,5,62,1,1,1,0
11021,3,19,0,6,0,0
11024,6,52,1,7,3,0
11025,5,49,0,4,0,1
11027,6,37,1,6,1,1
11033,5,28,0,4,0,0
11038,6,24,0,6,0,0
11042,8,37,0,4,1,1
11052,7,46,0,7,0,0
11056,8,41,1,10,2,1
11058,4,34,1,7,3,0
11060,4,64,1,4,2,0
11061,3,61,0,4,1,0
11064,2,40,1,1,0,0
11071,5,51,0,7,3,0
11072,9,24,0,6,0,0
11073,6,20,0,6,0,0
11077,6,38,1,4,1,0
11079,6,34,1,4,3,1
11084,5,43,1,9,3,0
11106,5,48,1,10,2,0
11109,8,35,0,4,0,0
11110,9,35,1,4,1,1
11117,7,29,0,4,3,0
11121,7,40,1,10,3,1
11135,6,44,0,5,1,0
11136,5,16,1,1,0,1
11143,7,47,0,6,3,0
11147,8,47,1,4,3,0
11148,7,43,0,6,0,0
11166,4,34,1,4,2,0
11167,3,31,0,4,0,0
11175,6,45,1,6,3,0
11176,8,42,0,9,0,0
11179,7,59,1,1,2,0
11180,6,28,1,10,1,1
11182,6,41,0,6,2,0
11204,6,57,0,2,0,1
11206,6,32,1,6,1,0
11210,5,17,0,1,0,0
11213,5,36,1,5,2,1
11214,7,20,0,6,0,0
11215,10,64,0,4,0,0
11217,7,43,0,4,1,0
11218,9,51,1,5,1,0
11219,8,41,0,4,1,0
11230,7,37,1,9,3,0
11231,10,34,0,4,0,0
11233,5,45,0,7,2,0
11247,6,45,0,4,1,0
11248,0,42,1,4,3,0
11280,4,49,0,4,1,1
11283,9,43,1,8,3,0
11288,7,39,1,4,2,0
11293,5,51,0,6,0,0
11295,7,24,1,4,1,0
11300,5,49,1,4,2,0
11309,7,57,1,6,3,0
11310,7,51,0,6,0,0
11313,6,20,1,1,1,0
11327,5,40,1,10,3,0
11328,8,39,0,10,0,0
11344,5,52,0,4,2,0
11354,5,58,1,9,3,0
11355,6,57,0,5,0,0
11358,7,54,1,10,3,0
11359,5,53,0,10,3,0
11361,8,77,0,4,2,0
11363,9,55,0,6,3,0
11368,4,22,1,4,1,0
11370,10,63,0,2,0,0
11380,5,47,1,4,3,0
11386,10,46,1,9,3,0
11389,3,35,0,10,3,1
11402,8,41,0,4,0,0
11404,7,48,1,4,3,0
11409,8,42,1,10,3,0
11410,6,41,0,4,0,0
11413,7,37,1,7,3,0
11414,7,37,0,4,1,0
11420,5,37,1,7,3,0
11425,8,53,0,4,3,0
11436,7,53,0,4,1,0
11439,7,42,0,10,1,1
11440,6,41,1,10,3,0
11442,7,58,0,7,1,0
11451,8,31,1,10,3,0
11452,5,31,0,4,0,0
11463,9,71,1,6,0,0
11464,8,60,0,10,1,0
11465,2,24,0,6,0,0
11480,7,42,1,6,3,0
11481,8,36,0,4,1,0
11486,8,62,0,4,1,0
11489,2,26,1,4,1,0
11491,6,46,0,10,3,0
11504,5,42,1,7,3,0
11523,4,51,0,0,0,0
11526,8,43,1,9,3,0
11535,5,37,0,7,2,0
11538,7,41,1,4,2,0
11548,9,46,1,9,3,0
11549,6,40,0,10,1,0
11553,7,62,1,8,1,0
11554,8,50,0,1,0,0
11556,4,20,1,1,0,1
11558,8,52,0,7,2,0
11567,3,58,1,0,1,0
11568,7,40,1,1,2,0
11572,7,44,1,4,1,0
11581,8,46,1,4,2,0
11589,6,50,1,8,3,0
11590,10,49,0,4,1,0
11597,5,43,0,4,0,0
11598,6,16,0,1,0,0
11602,5,70,1,10,3,0
11604,8,27,0,10,1,0
11610,7,61,1,4,3,0
11611,5,54,0,1,1,0
11618,6,41,1,10,3,0
11628,8,52,0,4,1,0
11640,7,48,1,4,3,0
11644,5,42,1,6,3,0
11655,7,50,0,4,0,0
11656,5,20,0,0,1,0
11657,5,17,1,0,0,0
11664,8,58,1,1,1,0
11676,8,50,1,4,3,0
11680,4,45,1,7,3,0
11681,5,43,0,4,1,0
11682,6,17,1,0,0,1
11683,9,15,0,0,0,0
11695,7,48,0,4,0,0
11698,0,28,1,9,2,0
11723,5,40,1,8,3,0
11735,7,43,1,4,2,0
11736,9,37,0,4,0,0
11763,8,64,0,1,0,0
11764,8,60,1,4,3,0
11765,3,57,1,1,2,0
11771,8,34,0,6,0,1
11772,7,33,1,7,1,0
11776,10,53,0,2,1,0
11785,8,44,0,5,0,0
11814,7,39,0,4,0,1
11815,5,39,1,7,3,0
11839,9,61,1,4,3,0
11840,10,59,0,1,0,0
11844,9,61,0,5,1,0
11858,3,60,0,1,0,0
11860,6,51,0,8,1,0
11863,4,23,1,4,1,0
11871,8,58,0,1,0,0
11879,6,53,0,4,1,0
11895,7,39,0,4,2,0
11898,6,46,1,10,3,0
11906,5,45,1,7,3,0
11917,7,49,0,4,2,0
11918,7,50,1,8,3,0
11941,6,59,1,4,2,0
11942,7,57,0,4,2,0
11943,6,50,1,10,3,0
11944,4,46,0,2,1,0
11950,7,44,1,10,3,1
11951,10,41,0,4,0,0
11959,0,46,0,2,0,0
11961,8,17,1,1,0,1
11969,7,63,1,4,1,0
11970,6,40,1,4,2,0
11971,7,39,0,4,0,0
11994,10,69,0,2,0,0
11996,8,44,1,7,2,0
11997,7,39,0,4,0,0
12000,7,22,1,6,0,0
12015,5,44,0,1,1,0
12022,5,56,0,7,2,0
12023,4,54,1,7,3,0
12026,7,49,0,7,1,0
12028,7,20,1,6,2,0
12029,6,18,1,1,0,1
12030,6,15,0,0,0,0
12031,2,54,1,7,2,1
12032,6,52,0,4,1,0
12034,7,46,1,10,3,0
12035,8,45,0,10,1,0
12044,10,48,0,1,0,0
12055,5,35,1,7,2,0
12060,8,58,0,6,3,0
12061,8,56,1,10,1,0
12063,7,21,1,4,1,0
12064,3,18,1,1,0,1
12067,9,37,0,3,2,0
12069,4,56,0,4,0,0
12070,7,23,0,4,1,0
12080,4,20,1,1,0,0
12083,8,19,1,1,0,0
12084,5,16,1,0,0,0
12103,8,55,0,4,0,0
12110,10,37,0,4,0,0
12120,8,38,0,8,1,1
12125,7,42,0,4,2,0
12129,5,69,0,4,0,0
12131,8,51,0,9,0,0
12142,4,39,0,4,0,1
12144,8,41,0,9,1,1
12145,7,43,1,7,3,0
12154,8,37,1,10,3,0
12155,5,34,0,10,0,0
12164,10,64,0,2,2,0
12180,8,50,1,1,1,0
12185,4,16,0,0,0,0
12187,8,38,0,2,0,0
12190,8,52,1,10,2,0
12193,4,44,1,4,2,0
12200,7,64,1,10,3,0
12201,8,59,0,10,0,0
12220,10,54,0,4,2,0
12225,8,35,1,4,1,0
12229,5,53,0,4,1,0
12235,8,49,0,10,0,0
12236,7,47,1,7,3,0
12259,7,45,1,8,2,0
12260,7,45,0,1,1,0
12261,8,64,1,8,0,0
12277,6,18,1,1,0,0
12295,7,56,1,7,2,0
12303,7,42,1,7,3,0
12305,7,59,0,1,1,0
12306,8,38,0,5,1,0
12317,9,45,1,10,3,0
12323,8,53,0,4,1,0
12326,7,21,0,4,1,0
12331,8,62,1,2,3,0
12341,5,38,0,4,1,0
12359,0,61,1,1,0,0
12365,7,47,0,4,2,0
12367,8,59,1,4,3,0
12368,10,70,0,2,0,0
12384,7,40,1,9,3,0
12390,7,53,0,6,0,0
12402,7,40,1,4,3,0
12403,5,29,0,4,0,0
12405,7,36,0,2,0,0
12406,1,16,0,1,0,0
12409,6,55,1,4,2,0
12410,7,41,0,9,1,0
12411,8,56,1,7,1,0
12413,7,48,0,10,3,0
12414,8,48,1,10,0,0
12419,9,21,0,6,0,0
12438,7,43,0,4,1,0
12440,10,14,0,0,0,0
12442,8,45,1,8,3,0
12463,9,63,1,1,1,0
12468,7,63,1,7,3,0
12469,8,59,0,4,0,0
12476,6,50,1,10,1,0
12477,8,48,0,9,1,1
12486,6,42,0,4,1,0
12516,4,31,1,4,2,0
12521,2,47,1,4,1,0
12522,2,42,0,4,0,0
12523,5,17,1,0,0,0
12536,5,57,0,7,1,0
12537,7,54,1,4,3,0
12538,6,32,1,9,3,0
12541,7,33,1,9,3,0
12542,8,28,0,6,1,0
12545,7,63,1,8,3,0
12547,7,45,1,7,3,0
12568,8,39,1,7,3,1
12578,5,54,1,4,3,1
12579,5,51,0,4,0,0
12580,5,23,1,6,0,0
12581,0,20,1,4,0,1
12596,9,66,1,4,0,0
12598,9,38,1,10,3,0
12599,7,48,1,7,3,1
12600,8,45,0,2,0,0
12607,7,55,1,9,3,0
12608,9,49,0,8,1,0
12615,8,56,0,2,1,0
12617,7,55,1,10,3,1
12618,8,46,0,10,3,0
12626,6,57,1,4,3,0
12628,5,26,0,9,1,0
12629,10,24,1,9,0,0
12632,8,54,1,7,3,0
12633,7,47,0,7,1,0
12635,7,14,1,0,0,0
12637,7,38,1,10,3,0
12648,7,43,1,4,2,0
12653,5,46,0,10,1,0
12655,7,17,0,1,0,0
12656,4,15,0,0,0,0
12672,7,46,1,4,1,0
12674,4,58,1,4,2,1
12675,7,52,1,10,3,1
12676,7,50,0,7,1,0
12677,8,16,1,1,0,0
12678,5,52,1,4,2,0
12681,7,15,0,1,0,0
12682,8,38,0,2,2,0
12687,7,47,0,6,1,0
12688,6,46,0,4,2,0
12700,7,50,0,10,2,0
12701,10,17,1,1,0,0
12708,7,44,0,6,3,0
12709,5,17,1,0,0,0
12721,6,25,1,4,1,1
12727,9,44,0,4,0,0
12734,4,64,1,4,2,1
12735,5,41,1,1,1,0
12736,1,33,0,1,1,0
12737,5,18,1,0,0,0
12742,5,49,1,8,3,0
12743,8,48,0,2,1,0
12744,7,18,1,1,0,0
12746,4,42,1,4,3,0
12749,7,35,1,10,3,0
12750,10,34,0,4,1,0
12756,8,51,1,9,3,0
12766,4,68,1,9,3,0
12784,9,52,0,6,1,0
12785,6,39,0,7,1,0
12798,7,35,1,4,1,0
12799,4,30,0,4,1,0
12815,2,66,1,8,1,0
12818,4,57,1,3,3,0
12819,9,29,0,10,1,0
12821,7,51,0,8,2,0
12822,8,59,1,10,3,0
12824,8,30,0,10,3,0
12825,8,27,0,6,1,0
12828,7,38,1,5,2,0
12829,4,34,0,4,0,0
12838,7,48,1,9,3,0
12839,8,47,0,6,1,0
12845,7,38,0,4,0,0
12849,8,43,0,4,0,0
12854,9,68,0,1,0,0
12860,10,73,1,6,0,0
12863,5,33,1,5,3,0
12869,3,39,1,1,2,0
12870,5,33,0,1,0,0
12883,5,50,1,6,2,0
12890,5,45,0,4,2,0
12901,4,37,1,4,3,0
12915,9,47,0,5,2,0
12925,8,37,1,1,2,0
12926,4,37,0,4,0,0
12936,8,35,1,10,3,0
12943,8,25,0,6,0,0
12976,6,46,1,4,1,0
12978,8,31,1,10,0,0
13006,9,39,0,6,0,0
13019,8,28,1,9,1,0
13037,7,34,1,10,3,0
13064,5,33,1,7,1,0
13099,7,41,1,8,3,0
13100,8,63,0,3,1,0
13108,5,34,0,0,1,0
13129,5,35,1,7,3,0
13144,5,28,1,4,1,0
13150,9,40,0,4,1,0
13152,6,16,0,0,0,0
13179,8,25,1,4,1,0
13253,6,41,1,1,1,0
13257,5,33,0,4,1,0
13263,10,50,1,4,3,0
13285,6,30,0,1,1,0
13299,7,44,1,9,3,0
13307,8,39,0,5,1,0
13331,0,32,1,4,2,0
13332,6,37,0,7,1,0
13338,8,33,0,6,1,0
13374,8,27,0,5,1,0
13402,9,43,1,10,2,0
13416,6,27,0,4,0,0
13428,2,29,0,4,0,0
13467,7,26,0,4,0,0
13473,8,29,0,4,1,0
13513,0,28,0,5,0,1
13522,10,33,1,10,2,0
13543,6,25,0,3,0,1
13567,6,23,1,4,1,0
13568,5,18,0,1,0,0
13578,6,44,0,4,0,0
13579,7,30,0,10,1,0
13588,9,31,1,4,3,0
13607,3,28,0,5,0,0
13638,8,28,1,4,2,0
13670,7,28,1,10,2,0
13706,4,34,1,7,3,0
13714,6,33,0,9,2,0
13722,7,36,0,8,2,0
13733,3,34,1,8,2,0
13748,9,54,0,10,3,0
13752,5,55,1,4,3,0
13783,8,24,0,10,1,0
13794,5,63,0,6,1,0
13836,9,40,0,4,1,0
13851,6,35,0,10,1,0
13862,8,58,1,4,3,1
13883,9,30,1,4,2,0
13906,6,35,0,10,1,0
13912,5,29,0,4,1,1
13916,3,32,0,10,1,0
13918,5,57,0,4,1,0
13939,4,18,0,1,0,1
13946,5,39,0,7,3,0
13952,10,31,0,10,2,0
13984,5,20,0,4,1,0
14003,5,29,1,4,1,0
14005,8,27,0,10,2,0
14036,7,33,0,4,2,0
14044,8,45,0,9,3,0
14061,10,51,1,10,3,0
14062,7,34,1,10,3,0
14067,6,29,1,8,0,0
14068,7,33,1,10,3,0
14074,6,26,0,10,0,0
14118,5,31,0,4,1,0
14127,8,30,1,6,2,0
14147,8,24,1,9,3,0
14163,10,33,1,10,3,0
14188,1,38,1,4,0,1
14189,7,43,0,7,1,1
14198,7,25,0,4,1,0
14205,7,39,1,10,3,0
14212,7,40,0,10,2,0
14229,8,34,0,10,1,0
14233,5,46,0,3,0,1
14236,5,30,1,6,1,0
14255,3,19,0,1,1,1
14272,3,22,1,5,2,1
14273,0,52,0,6,1,0
14275,7,32,1,6,1,1
14279,6,29,0,4,1,0
14281,7,36,0,10,3,0
14286,0,23,0,4,1,0
14287,6,39,0,10,1,0
14290,0,53,0,1,1,0
14293,8,52,1,7,3,0
14294,6,50,0,10,3,0
14295,10,62,0,9,1,0
14308,7,37,0,10,1,0
14309,4,35,1,10,3,0
14313,0,29,1,4,1,0
14314,8,45,0,5,2,0
14315,5,29,1,8,3,1
14316,0,27,0,4,1,0
14320,8,16,0,0,0,1
14322,5,56,0,4,1,0
14324,5,38,1,10,3,0
14334,3,45,1,7,2,0
14336,5,16,1,1,0,0
14347,2,67,1,5,0,0
14352,5,46,0,4,0,0
14359,6,47,1,7,3,0
14374,0,57,0,4,1,0
14375,5,47,1,9,3,0
14376,6,19,1,6,0,0
14388,6,45,1,4,3,0
14389,5,41,0,4,0,0
14399,9,45,0,10,1,1
14401,0,28,1,4,2,0
14402,0,29,1,4,1,1
14403,2,21,0,6,1,0
14415,3,37,1,1,1,0
14416,5,33,1,4,2,1
14422,5,79,0,6,0,0
14426,5,37,1,1,1,0
14432,7,16,0,1,0,1
14436,7,37,0,9,1,0
14437,7,34,1,10,3,0
14438,3,54,0,5,0,0
14442,5,59,1,4,1,0
14456,5,40,1,7,2,0
14461,3,50,1,6,3,0
14462,8,45,0,10,2,0
14487,4,53,1,4,3,1
14488,3,30,0,1,1,0
14490,5,33,1,4,3,0
14502,10,56,0,9,1,0
14503,7,60,1,3,3,0
14507,7,53,0,4,1,0
14508,6,28,0,6,0,0
14509,8,23,0,6,0,0
14516,5,44,0,1,0,0
14519,8,47,0,6,0,0
14531,7,60,1,5,2,0
14532,5,39,1,4,2,0
14540,8,49,1,10,3,0
14544,7,56,0,9,3,0
14545,9,48,1,10,3,0
14546,7,23,0,6,0,0
14547,7,21,0,6,0,1
14548,5,39,1,6,3,0
14555,3,20,0,4,0,0
14557,8,54,1,8,3,0
14558,6,42,0,4,2,0
14561,8,40,1,5,3,0
14563,6,44,1,4,2,0
14564,9,43,0,10,1,0
14571,10,51,0,6,1,0
14572,5,51,1,7,2,0
14573,7,24,1,4,1,1
14574,5,21,1,6,0,1
14582,8,35,0,4,0,0
14589,3,34,1,4,1,0
14596,0,43,1,1,1,0
14600,0,40,0,5,0,0
14603,5,56,1,4,2,0
14611,0,21,0,2,0,0
14617,5,32,1,4,1,0
14619,5,33,1,8,1,1
14624,5,42,0,9,1,0
14632,5,59,0,6,1,0
14633,7,39,0,8,2,0
14641,8,46,1,7,3,1
14648,7,31,1,4,1,0
14660,5,47,1,4,2,0
14662,10,62,1,6,1,0
14665,2,37,0,4,1,0
14677,5,40,0,1,0,0
14693,5,33,1,4,2,1
14694,4,32,0,4,0,0
14698,9,39,1,7,2,0
14699,6,26,0,4,1,0
14706,8,56,0,8,2,1
14711,6,39,0,6,1,0
14728,8,49,1,9,3,0
14729,6,46,0,5,0,0
14738,5,35,1,9,2,0
14745,8,39,0,1,0,0
14750,10,41,1,1,2,0
14756,5,51,1,4,2,0
14761,10,40,1,6,3,0
14762,4,30,0,6,1,0
14766,5,56,1,10,1,0
14775,4,27,0,1,1,0
14778,0,30,0,4,1,1
14795,5,52,0,4,0,0
14796,2,45,0,4,0,1
14800,4,31,1,4,1,0
14801,4,20,0,1,0,0
14811,5,39,1,4,3,0
14814,5,44,1,7,3,0
14816,4,19,0,1,0,0
14818,4,43,1,9,3,0
14819,2,41,0,5,1,0
14829,7,48,1,1,1,0
14830,5,37,1,4,1,0
14831,5,37,1,4,1,0
14841,8,25,0,5,1,1
14844,8,58,1,7,1,0
14845,0,48,0,1,0,0
14853,6,30,1,9,2,0
14854,7,29,0,6,1,0
14855,6,49,1,4,1,0
14856,7,45,0,6,2,0
14857,6,23,0,6,2,0
14859,8,51,1,1,2,0
14861,5,20,1,4,1,1
14868,10,44,0,6,1,0
14869,9,41,1,4,2,0
14871,5,43,0,10,3,0
14878,5,46,0,4,0,1
14882,8,59,1,4,2,0
14883,6,50,0,5,0,0
14884,7,32,1,4,2,0
14889,4,49,1,4,3,0
14903,5,50,1,4,2,1
14925,5,35,1,4,1,0
14927,7,40,1,4,1,0
14928,6,31,0,4,1,1
14930,8,41,0,4,0,0
14955,8,55,0,3,1,0
14957,5,29,1,10,3,0
14962,8,56,0,4,1,0
14980,2,35,1,4,0,0
14989,10,44,0,4,1,0
14991,8,43,0,6,1,0
14995,7,42,1,4,1,0
15002,3,31,0,9,3,0
15012,6,38,0,10,3,0
15013,4,30,1,9,3,0
15014,8,28,0,4,0,0
15015,6,60,0,8,2,0
15019,7,48,0,10,3,1
15021,5,46,1,4,2,0
15023,8,59,0,4,0,0
15027,6,58,0,4,1,0
15031,4,61,0,7,1,0
15037,8,44,1,10,3,0
15043,8,26,0,4,1,0
15044,6,32,1,6,3,0
15050,8,47,0,6,0,0
15051,6,48,1,6,3,0
15056,6,61,0,1,1,0
15061,7,25,0,4,1,0
15062,8,37,0,9,2,0
15067,8,42,1,4,1,0
15068,5,40,1,5,3,0
15075,8,32,1,8,3,1
15079,5,51,1,7,2,0
15081,4,19,1,1,0,0
15093,8,32,0,8,2,0
15099,8,52,1,10,3,0
15100,7,55,0,4,0,0
15107,6,62,1,4,1,0
15109,10,54,0,4,1,1
15110,7,61,1,10,3,1
15111,7,61,0,4,1,0
15113,5,36,0,4,1,0
15115,8,52,1,9,1,0
15116,6,51,0,10,3,0
15117,8,24,1,6,0,0
15118,10,21,1,4,1,0
15121,8,38,0,10,0,0
15126,7,53,0,4,1,0
15148,7,63,1,10,3,0
15153,8,48,0,4,1,0
15159,5,71,0,4,0,0
15160,7,41,1,4,3,0
15168,8,63,0,4,1,0
15170,4,25,1,7,2,0
15171,5,58,0,3,0,0
15177,6,37,1,10,1,0
15178,0,48,0,3,3,1
15182,7,65,1,7,2,0
15186,7,63,0,4,0,0
15188,6,39,1,10,3,0
15193,2,55,1,6,3,0
15194,7,54,0,9,1,0
15205,8,44,1,10,3,0
15206,6,41,0,9,1,0
15232,6,55,0,4,1,0
15233,3,33,0,4,0,0
15240,8,59,0,4,1,0
15241,6,36,0,4,1,0
15245,4,31,0,7,1,1
15264,5,31,1,4,1,0
15267,0,35,0,4,1,0
15269,10,39,0,4,3,0
15271,6,17,1,0,0,1
15297,9,38,1,10,3,0
15314,3,40,0,4,1,0
15318,7,41,1,1,1,1
15319,5,80,1,7,0,0
15323,7,32,0,10,1,0
15324,5,37,0,4,1,0
15326,7,32,0,2,0,0
15350,0,33,1,4,1,0
15367,5,49,1,4,2,0
15368,8,33,1,4,1,0
15369,10,28,0,4,1,0
15376,6,47,0,7,1,0
15385,7,44,1,8,1,0
15389,8,40,1,10,3,0
15393,6,56,1,9,3,0
15395,5,37,0,7,0,1
15403,2,45,0,4,1,1
15405,6,47,1,4,3,0
15406,9,46,0,4,0,0
15407,6,21,1,1,0,0
15408,4,20,0,4,0,0
15409,7,17,1,1,0,0
15412,5,47,1,6,2,0
15434,5,51,0,4,3,0
15437,8,47,0,7,0,0
15438,5,46,1,4,1,0
15441,8,38,0,4,0,0
15442,5,39,1,7,3,0
15449,6,33,0,4,1,0
15450,9,35,1,10,3,0
15458,7,60,1,4,1,0
15459,5,55,0,4,1,0
15462,8,36,0,4,1,0
15464,7,75,0,5,0,0
15467,8,58,1,4,3,0
15468,5,47,0,1,1,0
15470,5,34,0,4,1,0
15482,7,35,1,9,2,0
15483,0,30,0,1,1,0
15484,5,41,0,4,1,0
15485,8,45,1,4,2,0
15506,5,18,1,1,0,1
15515,5,63,0,1,0,0
15516,0,17,1,2,0,1
15517,8,14,0,0,0,0
15519,5,17,0,1,0,1
15520,6,15,0,0,0,0
15524,7,39,0,4,1,0
15525,7,43,1,10,2,0
15527,4,34,0,4,1,0
15530,7,34,1,7,2,1
15534,8,41,0,6,1,0
15540,6,27,0,4,1,0
15551,4,40,1,4,2,0
15559,5,36,1,6,2,0
15578,7,40,0,7,2,0
15581,4,36,0,10,1,0
15583,7,32,0,10,3,0
15596,9,64,1,7,3,0
15597,9,47,0,9,1,0
15626,8,72,0,1,0,0
15633,8,56,1,5,3,0
15635,2,25,1,4,1,0
15645,7,36,0,7,3,0
15649,6,45,1,4,2,0
15662,5,43,1,4,2,0
15663,6,41,0,5,3,0
15670,6,50,1,7,3,0
15671,10,47,0,4,0,0
15674,0,56,1,4,3,0
15675,4,55,0,1,0,0
15679,3,51,1,4,3,0
15681,3,43,0,6,1,1
15688,4,41,0,2,1,0
15694,6,18,1,1,0,0
15695,4,14,0,0,0,0
15697,8,69,1,9,2,1
15726,0,31,1,4,1,0
15728,8,33,0,10,1,0
15730,6,61,0,4,0,0
15731,10,30,0,4,1,0
15732,5,27,0,4,1,1
15759,6,62,0,4,0,0
15760,3,68,1,10,1,1
15765,10,47,1,10,3,0
15770,6,43,0,10,1,0
15776,6,24,0,4,1,0
15778,4,43,1,9,3,0
15779,6,39,0,4,0,0
15783,6,38,0,4,1,0
15789,9,33,0,4,2,0
15791,7,61,1,10,3,0
15793,8,20,0,3,0,0
15797,8,61,1,4,3,0
15802,2,43,1,9,3,0
15811,7,39,0,10,3,0
15812,6,36,1,10,3,0
15817,6,62,0,4,0,0
15819,5,45,1,4,2,0
15820,7,41,0,4,1,0
15821,7,17,0,1,0,0
15824,5,51,1,7,2,0
15825,8,41,0,4,1,0
15833,5,49,1,5,2,0
15846,9,64,1,9,3,0
15856,7,47,0,4,1,0
15869,2,58,1,4,2,0
15872,5,41,0,1,0,0
15877,8,39,1,9,2,0
15878,7,35,0,1,1,0
15885,8,42,0,4,0,0
15888,6,35,1,9,3,0
15889,6,52,0,9,3,0
15890,7,38,0,4,0,0
15891,6,37,1,7,2,0
15900,8,35,0,7,3,0
15902,2,39,1,4,3,0
15903,6,18,1,1,0,0
15906,8,42,1,9,1,0
15911,5,42,1,7,2,0
15912,10,44,0,4,1,0
15918,8,71,1,4,0,0
15935,7,58,1,4,3,1
15938,10,20,0,2,0,0
15943,8,54,1,4,3,0
15945,8,55,0,7,1,0
15952,4,49,0,6,1,0
15953,6,49,1,10,3,0
15954,8,20,0,6,0,0
15958,5,23,1,4,1,0
15965,5,42,0,7,2,0
15966,7,27,0,4,0,0
15967,7,31,1,4,3,1
15969,2,38,1,6,1,0
15974,6,51,1,4,3,0
15986,5,45,1,1,1,0
16001,5,43,0,4,1,0
16002,9,43,1,4,3,0
16004,8,17,1,1,0,0
16009,7,21,1,4,1,1
16011,8,55,0,10,1,0
16012,7,40,1,7,3,0
16013,7,39,0,6,0,0
16026,6,37,1,4,1,0
16027,7,36,0,4,0,0
16029,9,66,1,10,3,0
16030,8,50,1,9,3,0
16036,7,37,0,4,2,1
16037,9,29,0,4,2,0
16038,7,34,1,4,3,0
16046,6,45,0,9,3,0
16047,10,54,1,4,3,0
16056,10,48,1,10,3,1
16060,5,65,1,4,1,0
16061,7,55,0,4,3,0
16063,8,51,1,8,3,0
16064,7,49,0,10,0,0
16065,2,43,1,4,1,0
16067,9,34,1,10,1,0
16071,7,26,0,6,1,0
16073,3,48,0,7,3,0
16078,6,70,1,8,3,0
16088,6,58,1,4,2,0
16089,8,45,0,7,3,0
16090,8,18,0,1,0,0
16091,7,14,0,0,0,0
16094,8,34,0,7,3,0
16095,8,50,0,7,2,0
16099,8,54,0,10,3,0
16115,7,27,0,7,2,0
16125,7,45,0,4,0,0
16126,8,43,1,4,2,0
16131,6,22,1,1,0,1
16140,5,25,1,8,2,1
16142,9,65,1,4,3,0
16155,8,48,1,4,2,0
16160,4,32,0,10,3,0
16161,7,34,1,10,3,0
16170,8,28,1,10,2,0
16173,5,55,1,6,2,0
16176,6,53,1,10,2,0
16177,4,45,0,1,0,0
16179,7,47,1,4,2,0
16183,3,50,1,4,3,0
16190,5,27,1,4,1,0
16191,5,24,0,4,2,0
16192,10,31,1,7,3,0
16200,7,34,0,7,2,0
16201,6,34,1,4,2,0
16211,7,35,1,1,1,0
16217,8,37,1,4,3,0
16218,6,37,0,9,3,0
16221,8,20,0,1,0,0
16222,7,19,1,1,0,0
16227,5,51,1,4,3,0
16241,3,21,0,3,0,0
16258,8,38,1,4,1,0
16260,5,43,1,7,3,0
16261,8,52,0,7,2,0
16272,8,42,0,4,0,0
16280,8,33,1,10,3,0
16292,7,60,1,10,3,0
16293,5,56,0,4,1,0
16299,7,76,1,9,1,1
16317,10,49,0,6,0,0
16319,5,23,0,1,1,0
16321,4,18,0,1,0,0
16324,8,47,0,4,0,0
16325,8,47,1,4,2,0
16331,7,33,1,4,3,0
16332,8,29,0,7,3,0
16333,7,28,0,6,2,0
16335,8,39,1,10,3,0
16344,8,47,0,4,1,0
16345,8,16,0,0,0,0
16350,8,42,1,10,3,0
16372,0,21,0,4,1,0
16381,5,51,0,4,2,0
16386,4,36,1,6,2,0
16413,7,46,0,4,1,0
16414,5,19,0,1,0,0
16415,5,18,0,2,0,1
16436,6,24,0,6,0,0
16445,3,37,0,4,3,0
16448,8,39,1,9,3,0
16451,2,52,0,4,1,1
16457,8,65,1,10,3,0
16458,6,64,0,10,3,0
16460,8,45,0,4,2,0
16461,7,39,0,9,3,0
16497,8,37,0,10,1,0
16498,6,37,1,9,2,0
16512,7,39,1,4,1,0
16515,8,28,0,7,3,0
16516,5,39,0,9,0,0
16517,5,41,1,7,3,0
16521,7,37,0,4,0,0
16526,8,57,1,4,2,0
16533,6,41,0,4,1,0
16553,10,53,0,9,1,0
16556,7,35,0,7,2,0
16557,5,40,1,10,3,0
16558,7,46,1,9,3,0
16559,10,46,0,5,1,0
16576,8,48,0,4,1,0
16577,7,21,1,4,1,1
16578,8,19,1,4,0,0
16582,8,61,1,6,3,0
16584,6,51,0,4,1,0
16586,7,48,0,4,1,0
16592,7,41,1,4,2,0
16609,7,51,0,4,0,0
16612,5,73,0,4,0,0
16622,7,44,0,9,1,1
16623,8,43,1,4,1,1
16650,5,50,1,9,3,0
16651,7,45,0,4,0,0
16654,7,30,1,9,3,0
16658,3,36,0,4,2,0
16660,8,60,0,4,1,0
16662,8,60,0,5,1,0
16664,6,20,1,1,0,1
16666,3,45,1,7,3,0
16667,2,43,0,4,1,0
16668,7,20,1,6,0,0
16669,6,18,1,1,0,1
16681,7,43,1,10,3,0
16682,5,53,1,4,2,0
16686,0,27,0,6,2,0
16687,5,42,1,7,2,0
16688,5,41,0,1,0,0
16689,0,19,0,1,0,0
16690,0,17,0,1,0,0
16691,7,84,0,4,0,0
16694,5,59,0,4,0,0
16695,0,35,0,4,1,0
16696,8,52,1,7,2,0
16697,7,49,0,4,1,0
16700,5,21,1,4,1,0
16703,7,44,1,8,3,0
16704,5,43,0,4,0,0
16705,2,15,0,0,0,0
16707,8,44,1,4,1,0
16709,9,17,1,0,0,0
16717,7,57,1,9,3,0
16724,8,35,0,4,2,0
16730,4,35,1,4,3,1
16731,9,33,0,4,1,0
16741,6,50,0,1,1,0
16750,6,48,0,4,0,0
16752,6,17,0,1,0,0
16758,6,34,0,4,2,0
16759,7,32,1,9,3,1
16761,7,45,1,4,3,0
16775,9,43,0,1,2,0
16787,0,51,0,8,1,1
16806,5,48,1,8,1,1
16807,5,47,0,4,1,0
16808,5,16,0,1,0,0
16827,5,30,1,9,2,0
16849,6,49,0,7,3,0
16860,8,50,1,7,3,0
16861,8,49,0,7,2,1
16883,5,46,0,4,2,0
16884,5,54,0,6,1,0
16890,7,36,1,7,2,0
16891,4,33,0,4,2,0
16900,8,32,0,10,1,0
16904,8,48,0,8,2,0
16910,4,17,1,1,0,1
16911,7,60,0,5,1,0
16912,1,23,1,4,1,1
16913,1,19,1,1,0,1
16915,5,21,0,4,1,0
16916,9,59,1,8,3,0
16917,8,56,0,5,1,0
16918,6,30,1,10,2,0
16925,7,61,1,10,0,0
16926,7,60,0,9,1,0
16930,5,48,1,1,1,0
16931,4,47,0,6,1,0
16933,8,52,1,10,3,0
16934,7,51,0,10,3,0
16936,0,58,0,1,0,0
16937,7,26,0,6,1,1
16943,8,52,1,9,3,0
16944,8,44,0,8,0,0
16948,4,26,1,10,1,0
16950,5,55,0,6,2,0
16951,6,31,0,10,2,1
16962,5,27,1,6,0,0
16963,8,65,1,10,1,0
16967,7,36,1,10,3,0
16973,6,48,0,4,1,0
16974,5,18,0,1,0,0
16981,9,53,0,6,0,1
16985,5,40,1,8,3,0
16986,7,39,0,9,1,0
16992,4,50,0,4,1,0
16993,7,18,1,1,0,0
16994,8,47,0,10,3,0
16995,5,44,1,10,2,0
16998,8,44,0,9,1,0
16999,5,39,1,4,3,0
17005,7,48,1,10,3,0
17007,0,19,1,6,0,1
17009,2,31,0,4,2,0
17017,8,64,1,10,3,0
17018,9,62,0,4,0,0
17020,4,30,0,4,2,0
17021,5,33,1,4,1,1
17026,7,44,0,4,1,0
17034,0,31,1,4,2,0
17035,2,25,0,2,1,0
17040,8,60,0,1,1,0
17041,5,61,0,3,2,0
17042,6,61,1,10,3,0
17048,6,39,0,6,1,0
17049,5,33,1,6,1,0
17060,7,59,1,10,3,0
17061,7,57,0,8,2,0
17064,6,49,0,10,3,0
17071,5,47,0,6,3,0
17073,8,37,0,10,3,0
17082,4,45,1,6,3,1
17083,4,43,0,7,0,1
17086,5,61,0,5,1,0
17089,8,62,1,9,3,0
17090,9,58,0,5,0,0
17091,10,49,1,9,2,0
17092,5,49,0,3,1,0
17093,0,19,1,1,0,1
17113,5,42,1,5,3,0
17114,5,41,0,6,1,0
17128,3,33,0,0,0,0
17134,5,39,0,5,0,0
17149,8,57,1,4,3,0
17150,5,54,0,4,1,0
17153,10,67,1,10,3,0
17154,5,45,0,6,2,1
17155,5,39,1,4,1,1
17156,5,35,0,4,0,0
17161,6,39,1,4,2,0
17162,8,36,0,7,1,0
17171,7,46,1,9,3,1
17175,8,39,0,6,3,0
17184,7,43,0,1,0,0
17194,10,54,0,7,2,0
17199,7,73,1,7,0,0
17202,8,36,1,9,2,0
17220,6,36,1,6,2,0
17230,3,38,0,9,1,0
17250,7,36,0,9,0,0
17255,5,38,0,4,1,1
17260,7,59,0,4,0,0
17261,7,23,1,4,1,0
17264,1,44,1,10,3,0
17265,0,18,1,1,0,0
17268,6,39,1,10,3,0
17270,10,41,0,4,1,0
17278,5,31,0,4,0,0
17292,3,21,1,4,1,0
17294,0,45,1,5,1,0
17295,5,43,0,5,0,0
17296,0,20,0,4,1,0
17298,8,39,0,10,0,0
17311,0,27,1,4,1,0
17312,8,25,0,6,2,0
17318,7,47,1,4,3,1
17323,7,41,0,6,0,0
17329,4,57,1,8,3,1
17334,7,55,1,7,1,0
17336,5,29,1,4,1,0
17337,4,43,1,4,3,0
17338,6,38,0,2,0,0
17351,7,47,1,4,3,0
17353,8,17,0,1,0,0
17360,5,55,0,4,1,0
17363,0,46,1,4,2,0
17364,7,44,0,4,1,0
17365,7,20,1,1,0,0
17366,0,18,1,1,0,0
17367,7,14,1,0,0,0
17368,7,50,0,5,0,0
17376,7,40,1,7,2,0
17377,6,36,0,5,0,0
17395,4,40,1,7,3,0
17396,7,35,0,4,1,0
17424,9,49,1,9,3,0
17425,8,44,0,10,1,1
17426,7,16,1,1,0,1
17428,0,32,0,4,1,0
17429,7,37,1,10,3,0
17430,4,37,0,5,1,0
17432,0,64,1,4,2,0
17434,7,39,1,5,2,0
17435,7,31,0,10,0,0
17448,5,43,1,9,3,0
17449,6,41,0,6,0,1
17455,0,59,1,5,1,0
17456,5,45,0,9,1,1
17466,4,59,1,5,3,1
17467,2,57,0,1,0,0
17479,5,48,1,4,3,0
17480,6,41,0,9,0,0
17485,10,39,1,4,1,0
17487,5,43,1,4,3,0
17488,5,42,0,4,0,1
17504,7,50,0,1,1,0
17513,6,36,0,10,1,1
17518,0,38,1,1,1,0
17519,5,45,0,1,1,0
17522,8,39,0,10,3,0
17523,6,42,1,10,3,0
17540,7,52,1,6,3,0
17548,5,40,0,1,1,0
17549,10,52,1,4,3,0
17553,8,47,0,4,1,0
17556,8,46,0,4,0,0
17557,5,15,1,0,0,0
17562,7,38,1,9,3,0
17563,6,30,0,4,1,0
17564,5,34,0,10,3,0
17566,6,65,0,3,3,0
17571,6,58,0,4,1,1
17574,7,50,1,4,2,0
17575,7,48,0,6,1,1
17576,7,17,0,1,0,0
17581,7,39,0,9,1,0
17582,8,53,0,10,1,0
17587,9,46,0,3,1,0
17592,2,67,0,4,0,0
17604,2,53,1,4,1,0
17606,8,47,1,10,3,0
17607,7,44,0,10,0,0
17611,8,44,0,4,1,0
17622,8,58,1,4,3,0
17630,8,28,1,4,1,0
17638,6,33,0,4,1,0
17654,5,31,1,10,1,1
17658,5,46,0,4,1,0
17665,5,47,0,2,0,0
17676,8,64,0,4,0,0
17689,9,41,1,7,3,0
17698,4,59,0,4,0,0
17699,8,39,1,9,3,0
17704,6,66,1,7,3,0
17707,9,41,0,1,0,0
17712,7,34,0,4,1,0
17715,6,23,0,4,1,0
17716,7,61,1,8,2,0
17717,6,58,0,4,0,0
17720,8,53,1,6,3,0
17721,7,51,0,6,1,0
17722,9,15,0,0,0,0
17725,9,40,1,10,3,1
17726,6,35,0,4,1,0
17731,5,33,1,7,2,0
17732,6,36,0,6,2,0
17739,6,26,1,5,1,0
17742,7,37,1,10,1,0
17743,5,48,0,1,1,0
17752,5,26,0,6,1,0
17760,8,28,1,8,3,0
17771,6,46,1,4,2,0
17772,3,45,0,4,0,0
17773,5,22,0,3,1,0
17774,5,20,0,3,0,0
17775,5,15,0,0,0,1
17776,7,45,0,4,3,0
17784,6,57,0,9,0,0
17787,8,61,0,4,2,0
17788,5,55,0,6,2,0
17790,7,54,0,10,1,0
17791,7,53,1,9,3,0
17793,8,24,0,6,0,0
17806,5,35,1,4,2,0
17808,4,33,0,4,1,0
17814,10,37,0,7,0,0
17815,8,37,1,7,3,0
17819,8,59,1,6,2,0
17827,7,36,1,10,3,0
17828,6,41,1,7,3,0
17832,8,46,1,4,2,0
17833,8,45,0,6,1,0
17834,10,18,0,1,0,0
17835,6,16,0,0,0,0
17840,8,64,0,4,0,0
17843,10,76,1,9,0,0
17844,6,39,1,4,2,0
17850,0,43,0,4,0,0
17859,7,40,0,10,1,0
17865,7,35,0,10,1,0
17866,6,40,1,10,3,0
17868,8,48,1,6,3,0
17872,1,47,0,7,2,0
17873,3,18,0,1,0,0
17878,8,23,0,6,0,0
17879,5,24,1,4,2,0
17888,8,54,0,7,1,1
17893,5,32,1,10,2,0
17894,7,27,0,10,1,0
17896,8,32,1,8,3,0
17902,7,61,1,7,2,0
17904,5,58,1,10,3,0
17905,6,20,1,1,0,0
17907,5,53,0,4,3,0
17915,4,50,0,4,0,0
17916,7,22,1,4,1,0
17918,8,32,1,4,2,0
17919,10,34,0,4,2,0
17922,8,43,0,4,1,0
17923,0,18,1,1,0,0
17927,5,43,0,10,3,0
17932,8,41,0,10,3,0
17937,5,64,1,4,2,0
17939,8,58,0,4,1,0
17946,10,58,0,4,0,0
17951,9,48,1,9,3,0
17954,9,38,0,7,1,0
17957,8,60,1,10,3,0
17965,5,52,1,4,3,0
17973,7,42,1,10,3,0
17974,9,38,0,6,3,0
17981,6,56,1,4,1,0
17982,5,46,0,4,1,0
17983,5,16,1,1,0,1
17984,7,51,0,7,1,0
17985,6,20,1,3,0,1
17986,7,17,0,1,0,0
17993,7,41,1,10,3,1
18004,8,54,1,6,2,0
18006,8,28,1,4,0,0
18010,10,29,0,9,2,0
18020,8,25,0,4,2,0
18022,6,73,0,3,0,1
18023,7,50,0,6,3,0
18024,5,49,1,4,3,0
18030,7,45,1,4,3,0
18031,9,44,0,4,0,0
18032,5,16,1,1,0,0
18056,5,33,1,10,3,0
18067,10,36,1,7,3,0
18073,5,40,0,4,1,0
18078,2,30,0,4,3,1
18090,5,26,1,9,1,0
18091,8,24,0,6,1,0
18098,7,58,1,4,2,0
18099,9,54,1,4,3,0
18100,5,44,0,4,0,0
18101,5,16,0,1,0,0
18105,6,45,0,4,2,0
18106,2,17,0,1,0,0
18120,8,41,0,4,2,0
18124,7,47,1,4,3,0
18125,7,41,0,4,0,0
18128,8,52,0,4,0,0
18129,7,45,1,10,2,0
18131,4,14,1,0,0,0
18132,5,47,1,4,1,1
18133,6,39,0,7,1,0
18135,10,77,0,2,0,0
18136,7,47,0,7,3,0
18137,7,65,1,10,3,0
18145,7,43,1,6,3,0
18146,8,40,0,9,1,0
18153,8,35,1,10,3,1
18154,3,32,0,4,0,0
18174,7,52,0,6,2,0
18185,5,52,0,10,0,0
18186,8,15,0,0,0,0
18188,4,52,0,4,0,0
18189,7,62,1,4,3,0
18193,5,50,0,9,2,0
18200,8,49,0,7,1,0
18203,7,45,0,4,1,0
18208,9,51,1,6,2,0
18211,6,74,1,10,0,0
18216,5,48,1,10,1,0
18217,6,34,0,6,1,0
18234,6,61,0,4,1,0
18236,7,42,0,4,1,1
18239,5,36,1,4,3,0
18241,7,37,1,9,1,0
18242,8,34,0,4,0,0
18246,6,49,1,7,2,0
18248,5,17,1,1,0,0
18255,4,50,1,4,1,0
18264,7,44,1,4,1,0
18268,8,33,0,10,1,0
18272,9,43,1,6,3,0
18280,10,47,1,10,3,0
18281,8,20,0,6,0,0
18286,6,47,0,1,2,0
18287,7,27,0,4,1,0
18289,6,51,0,10,1,0
18290,6,48,1,10,3,0
18294,7,50,1,4,3,0
18300,10,61,0,1,0,0
18316,7,42,1,7,3,0
18319,4,64,1,8,1,0
18320,5,35,1,7,3,0
18321,4,33,0,3,0,0
18325,7,55,0,4,0,0
18334,9,35,0,3,0,0
18338,8,56,1,4,3,0
18346,10,44,0,3,0,0
18352,3,60,1,4,0,0
18355,4,27,1,4,2,0
18364,6,35,0,9,0,0
18365,4,34,1,9,2,0
18378,1,55,1,8,2,0
18379,7,52,0,7,0,0
18385,5,34,1,10,3,0
18398,6,46,0,7,2,0
18404,6,28,0,4,1,0
18405,6,28,1,6,1,0
18421,4,62,1,4,1,0
18428,7,51,1,9,3,0
18429,7,39,0,10,3,0
18430,5,57,1,7,3,0
18431,10,50,0,4,1,0
18434,7,19,0,1,0,1
18435,7,43,1,9,3,0
18437,8,44,0,4,0,0
18445,7,22,0,4,0,0
18446,7,36,0,10,2,0
18447,3,42,1,10,3,1
18450,5,47,0,4,1,0
18454,5,32,0,4,0,0
18467,7,55,0,6,0,0
18477,9,18,1,1,0,0
18483,8,27,0,7,1,0
18499,5,41,1,7,1,0
18500,4,16,1,0,0,1
18503,3,73,1,7,2,0
18519,5,57,0,4,0,1
18520,6,51,1,4,3,0
18546,6,58,0,7,0,0
18554,9,56,0,10,3,1
18557,8,45,1,6,3,0
18560,7,34,1,10,3,0
18561,9,34,0,10,3,0
18573,6,23,0,4,2,1
18574,0,44,0,6,2,0
18576,6,25,0,10,0,0
18578,7,43,0,10,3,0
18583,9,57,1,10,3,0
18584,6,52,0,10,3,0
18585,6,21,1,6,1,0
18589,6,50,1,10,3,0
18595,7,42,1,6,1,1
18601,0,24,0,6,0,0
18602,5,43,0,4,1,0
18604,4,50,1,4,2,0
18605,9,47,0,4,1,0
18606,8,20,1,1,0,0
18607,2,18,1,1,0,1
18608,5,62,1,9,3,0
18609,3,42,1,6,3,0
18630,5,54,1,4,3,0
18641,10,41,0,9,3,0
18644,5,39,0,9,3,0
18651,8,31,1,10,3,0
18653,7,23,0,6,1,0
18656,7,43,0,4,0,0
18657,7,47,1,4,2,0
18660,5,33,0,9,0,0
18664,7,36,0,7,1,0
18665,2,28,1,10,1,0
18667,0,54,1,7,1,0
18668,7,35,1,4,2,0
18670,5,46,0,4,1,0
18673,7,57,1,10,3,0
18674,5,54,0,10,3,0
18675,6,24,1,6,0,1
18683,5,52,0,4,3,0
18687,8,67,1,4,1,0
18688,4,55,1,4,1,0
18689,5,56,0,1,1,0
18693,3,31,1,10,3,0
18707,7,30,0,10,3,0
18708,5,55,1,9,3,1
18714,10,28,1,4,2,0
18717,7,34,0,4,0,0
18735,8,60,0,4,0,0
18736,6,60,1,9,2,0
18741,7,52,0,10,3,0
18742,7,58,1,9,0,0
18743,7,53,0,4,1,0
18752,6,30,1,2,2,1
18775,8,34,1,9,1,0
18776,8,47,1,6,2,0
18783,6,43,0,9,3,0
18794,6,30,1,9,2,0
18796,5,53,0,4,2,0
18802,7,38,1,4,1,0
18804,2,50,1,10,3,1
18820,9,41,1,4,3,0
18821,7,43,0,3,2,0
18830,6,17,1,0,0,0
18832,5,62,1,9,1,0
18833,7,60,0,4,0,0
18836,10,67,0,6,0,0
18840,10,54,1,8,3,0
18844,3,34,0,7,2,0
18846,7,53,0,4,2,0
18847,6,46,0,8,0,0
18848,7,45,1,10,3,0
18850,5,14,1,0,0,0
18869,7,61,1,9,3,0
18870,7,60,0,6,0,0
18871,7,26,1,6,0,0
18872,9,29,1,10,3,0
18875,8,52,1,6,3,0
18876,5,45,0,4,0,0
18877,7,20,1,1,0,0
18878,5,18,0,1,0,0
18881,10,33,1,9,3,0
18898,7,57,1,10,3,0
18899,5,38,0,4,1,1
18909,7,56,1,5,3,0
18910,5,39,0,7,1,0
18917,8,50,1,4,1,0
18918,10,48,0,4,0,0
18933,6,46,0,4,0,0
18959,0,54,0,4,1,0
18964,0,24,1,4,1,1
18965,7,24,0,4,1,0
18966,0,44,1,1,2,0
18967,5,40,0,4,0,0
18968,5,17,1,1,0,0
18970,5,47,1,4,2,0
18971,5,41,0,4,0,1
18974,5,60,0,4,0,0
18976,7,32,0,10,1,0
18977,9,34,1,4,2,0
18979,5,53,1,6,3,0
18986,7,52,1,7,2,0
18987,8,49,0,4,1,0
18988,8,24,1,6,0,1
19002,0,25,0,4,1,1
19005,8,52,0,5,0,0
19011,8,31,0,6,2,0
19012,6,32,1,10,1,0
19017,7,43,0,4,0,0
19025,5,39,1,9,2,0
19030,5,48,1,9,2,0
19031,6,42,0,6,0,0
19033,7,60,0,2,2,1
19037,8,57,0,4,0,0
19045,7,54,1,10,3,0
19046,10,43,0,6,2,0
19055,7,44,1,10,3,0
19069,5,40,0,4,0,0
19090,5,25,0,4,1,0
19097,5,34,1,7,3,0
19100,8,44,0,4,3,0
19101,8,42,1,9,3,0
19107,0,35,0,8,1,0
19108,5,37,1,9,3,0
19116,6,37,0,6,3,0
19124,7,60,1,10,3,0
19134,8,25,0,6,1,0
19135,9,44,1,4,3,1
19136,6,38,0,4,0,0
19139,8,43,0,6,1,0
19140,10,43,1,4,3,0
19141,6,16,0,1,0,0
19147,3,18,1,1,0,1
19148,7,15,1,0,0,1
19150,7,67,0,4,0,0
19151,6,65,1,3,0,0
19154,8,38,0,5,1,1
19161,8,53,1,7,3,0
19164,3,49,1,10,3,0
19171,10,27,1,9,2,0
19175,5,49,1,1,1,0
19176,6,40,0,4,3,0
19190,8,48,1,10,3,0
19194,0,45,1,4,2,0
19197,4,31,0,10,3,0
19198,10,63,0,6,2,0
19212,7,47,0,4,1,0
19215,5,79,0,1,0,0
19216,6,54,0,4,1,0
19232,10,55,0,4,1,0
19233,7,55,1,7,3,0
19234,4,56,1,4,2,0
19244,7,35,1,4,2,0
19248,6,28,0,4,2,0
19249,6,33,0,7,0,0
19255,2,50,0,1,1,1
19261,8,52,0,4,1,0
19263,3,55,0,4,1,1
19264,5,20,1,1,1,0
19268,8,22,1,4,2,0
19277,2,39,1,4,2,0
19287,7,27,1,6,0,0
19289,8,52,0,4,0,0
19290,6,55,1,4,3,0
19291,5,51,1,9,3,0
19292,10,60,0,4,1,0
19294,10,33,1,6,2,0
19295,6,29,0,6,0,0
19297,7,49,1,8,1,0
19301,5,39,1,4,2,0
19305,8,41,1,4,2,0
19306,7,41,0,4,0,0
19307,5,21,1,4,2,0
19311,8,62,0,6,0,0
19313,7,22,1,4,1,0
19337,5,53,0,4,1,0
19338,6,59,1,4,2,0
19340,8,40,1,9,3,0
19348,5,55,1,8,2,0
19357,8,59,0,4,1,0
19358,3,29,1,4,1,0
19376,5,55,0,5,1,0
19379,6,37,1,10,3,0
19380,5,50,0,4,1,0
19399,5,61,1,4,1,0
19408,8,36,0,5,2,0
19410,5,63,0,1,0,0
19417,4,52,1,6,3,1
19418,6,27,0,10,1,0
19421,7,50,0,4,0,0
19430,4,62,0,5,2,0
19444,6,43,1,10,3,0
19452,4,36,0,7,2,0
19453,4,35,1,4,1,0
19470,5,61,0,7,2,1
19476,6,29,0,10,1,0
19490,7,52,1,4,2,0
19491,6,49,0,1,1,0
19493,7,47,0,8,0,0
19514,5,46,1,4,2,0
19515,5,38,0,4,0,0
19521,10,57,1,9,3,0
19524,3,24,1,1,1,0
19539,6,54,0,9,2,1
19540,6,24,1,8,2,0
19549,5,47,0,10,1,0
19551,5,39,0,10,1,0
19566,5,17,0,1,0,0
19572,8,45,1,6,3,0
19578,0,54,0,1,1,0
19584,8,57,0,4,1,0
19586,7,31,1,4,2,0
19587,5,30,0,4,1,0
19601,5,65,1,7,0,0
19602,8,58,0,6,1,0
19603,1,43,1,4,1,0
19610,7,33,1,10,3,0
19611,5,32,0,4,1,0
19613,7,30,1,10,2,0
19618,5,41,0,4,0,0
19627,2,22,1,8,2,0
19628,1,19,0,4,0,0
19633,7,60,1,10,3,0
19641,6,43,1,10,1,0
19650,6,46,1,4,2,0
19651,10,44,0,4,0,0
19654,6,49,1,10,3,0
19655,6,41,0,6,1,0
19669,7,58,1,4,3,0
19670,6,56,0,5,0,0
19681,8,41,0,5,2,0
19682,10,38,0,4,1,0
19689,3,22,1,6,0,1
19710,6,40,1,6,3,0
19715,10,40,1,10,0,0
19716,10,36,0,9,1,0
19719,8,45,1,7,3,0
19723,8,15,1,1,0,0
19724,7,44,1,4,3,0
19730,9,25,1,10,1,0
19733,7,57,0,4,2,0
19744,6,37,1,7,3,0
19745,5,34,0,5,1,0
19747,2,31,0,6,3,1
19749,6,20,0,6,0,0
19764,4,57,1,4,3,0
19766,9,20,1,6,0,0
19767,7,56,1,7,3,0
19768,5,45,0,4,0,0
19773,5,53,1,8,0,1
19782,8,53,0,4,0,0
19783,6,65,1,4,1,0
19786,8,31,1,4,3,0
19793,7,23,0,6,1,0
19794,8,27,1,10,2,0
19795,0,24,0,5,1,0
19802,8,36,1,9,3,0
19807,7,51,1,7,2,0
19810,8,29,0,10,2,0
19817,8,45,0,6,2,0
19821,9,52,0,2,1,0
19822,10,44,0,7,1,0
19823,8,44,1,4,1,0
19830,8,36,0,9,2,0
19836,9,34,1,10,3,0
19837,8,29,0,10,1,0
19840,7,52,0,9,3,0
19847,4,40,1,8,1,0
19848,0,37,0,4,0,0
19849,5,17,1,1,0,0
19856,8,47,1,9,2,0
19857,7,37,0,9,1,0
19858,8,46,0,1,1,0
19864,7,46,0,4,0,0
19866,9,15,0,0,0,0
19872,5,42,0,4,0,0
19873,7,40,1,7,3,1
19874,8,17,0,1,0,0
19875,5,16,1,0,0,0
19886,7,53,1,7,3,0
19887,4,47,0,8,1,0
19888,7,46,1,9,3,0
19926,6,51,1,9,3,0
19927,7,45,0,4,0,0
19936,5,51,0,4,1,0
19940,4,17,1,0,0,0
19944,7,41,1,6,2,1
19957,5,33,1,4,2,0
19979,7,49,1,7,3,0
19986,3,27,1,4,2,0
19991,7,61,0,4,2,1
19994,6,58,1,9,0,0
20007,5,56,0,4,0,0
20008,0,31,1,4,2,1
20019,5,46,1,4,2,1
20020,6,43,0,4,2,0
20021,4,17,1,0,0,1
20026,8,46,1,4,1,0
20027,8,39,0,4,1,0
20031,8,53,0,4,3,0
20032,6,52,1,1,1,0
20035,7,41,0,4,0,0
20036,7,37,1,4,3,0
20059,8,37,1,9,3,0
20064,4,49,1,10,3,0
20065,5,39,0,8,1,0
20076,6,51,0,10,3,0
20089,6,37,1,9,3,0
20090,5,37,0,10,1,0
20096,4,53,1,5,2,0
20101,8,41,0,4,0,0
20104,8,46,0,4,1,0
20105,4,47,1,8,2,0
20108,6,30,1,4,2,0
20109,5,30,0,4,0,0
20112,8,47,0,4,2,0
20113,6,25,1,4,1,1
20115,10,49,1,7,3,0
20116,10,48,0,4,0,0
20117,7,23,0,5,0,0
20136,8,34,1,7,1,1
20137,8,33,0,4,0,0
20141,6,50,1,7,1,1
20143,5,46,0,4,0,0
20145,7,17,1,1,0,0
20146,7,41,1,10,3,0
20147,9,39,0,4,0,0
20152,5,47,0,4,1,0
20153,6,20,1,6,2,0
20154,4,17,1,1,0,0
20157,7,55,1,10,3,0
20158,8,46,0,10,2,0
20159,7,43,1,4,2,0
20160,6,37,0,4,0,0
20185,7,20,0,3,0,0
20186,9,18,0,1,0,0
20188,8,40,1,9,3,0
20196,5,42,1,6,1,0
20218,4,32,1,4,2,0
20220,8,46,0,4,0,1
20221,6,21,1,4,1,0
20222,6,18,1,1,0,0
20234,6,40,1,9,1,0
20235,5,49,0,10,1,0
20258,5,54,0,4,0,0
20259,10,43,1,4,2,0
20260,5,39,0,4,1,0
20262,3,43,1,10,1,0
20266,7,51,1,4,2,0
20267,8,40,0,7,1,1
20275,8,68,1,4,3,0
20276,7,63,0,4,0,0
20284,7,25,0,4,1,0
20297,5,56,0,1,1,0
20302,5,28,0,9,2,0
20315,6,23,0,4,1,0
20320,6,60,0,10,3,0
20323,4,40,1,7,3,0
20326,5,37,1,10,3,0
20335,7,31,0,6,2,0
20341,6,60,0,6,3,0
20348,8,60,1,5,3,0
20351,8,48,0,5,1,1
20369,7,36,0,4,0,0
20370,4,35,1,9,3,0
20373,6,31,1,4,2,0
20380,8,61,1,10,1,0
20382,7,43,0,4,0,0
20386,6,50,0,4,0,0
20387,3,23,0,4,1,0
20390,9,49,0,10,3,1
20393,5,22,1,4,0,0
20395,8,39,1,4,3,0
20396,0,30,0,4,0,0
20406,10,44,1,7,3,0
20412,10,45,0,6,1,0
20420,8,53,1,6,3,0
20421,6,26,0,9,1,0
20422,10,22,1,4,2,0
20425,7,43,1,6,2,0
20426,7,35,0,9,1,0
20433,7,32,1,10,3,0
20434,5,31,0,10,3,0
20449,8,47,1,10,3,0
20452,6,47,0,7,2,0
20457,7,46,0,4,2,0
20465,3,50,1,4,1,0
20469,7,49,0,4,1,0
20470,6,15,1,1,0,1
20472,9,40,0,10,1,0
20477,8,34,1,10,3,0
20483,8,48,1,4,3,0
20485,5,20,0,1,0,0
20490,3,65,1,10,3,0
20493,5,27,0,10,1,0
20494,8,37,1,4,3,1
20501,6,30,1,9,2,0
20502,5,59,1,4,2,0
20506,3,48,1,9,3,0
20508,8,18,0,4,1,0
20511,5,28,0,4,1,0
20514,8,43,0,7,1,0
20534,0,54,0,3,0,0
20541,7,30,0,6,1,0
20545,5,20,0,4,0,0
20546,6,19,0,1,0,0
20554,6,62,0,9,0,0
20563,8,35,0,10,2,0
20566,6,46,1,4,2,1
20567,6,40,0,7,2,0
20568,4,38,0,4,2,0
20571,3,32,1,7,2,1
20572,7,27,0,4,0,0
20574,6,58,1,7,3,0
20575,5,49,0,1,1,0
20584,7,41,0,7,1,0
20585,3,47,1,4,3,0
20586,3,41,0,4,0,0
20604,7,49,1,9,2,0
20605,8,47,0,9,0,0
20608,7,43,0,4,1,0
20609,3,40,1,4,2,0
20613,7,65,1,6,1,0
20617,7,27,1,9,2,0
20621,5,45,0,4,0,0
20627,8,55,1,4,3,0
20629,10,55,0,4,3,0
20632,0,54,1,7,1,0
20633,6,38,0,5,2,0
20640,5,46,1,4,3,1
20641,5,44,0,4,0,0
20642,5,19,0,4,0,0
20643,3,17,0,1,0,0
20646,6,61,1,7,3,0
20648,8,23,0,6,0,0
20654,9,39,1,7,2,0
20656,7,32,1,4,2,0
20666,8,61,1,4,2,0
20673,6,43,1,4,3,0
20678,6,51,1,4,2,0
20682,4,42,1,1,2,0
20693,2,27,0,1,0,1
20694,0,31,1,1,2,0
20705,6,24,0,6,1,0
20712,0,49,1,4,2,0
20713,6,21,1,6,0,0
20714,7,43,0,7,2,1
20735,7,47,1,4,1,0
20737,5,18,1,1,0,0
20738,6,17,0,1,0,0
20745,7,63,0,9,2,0
20753,0,44,1,4,1,1
20755,7,42,0,8,0,0
20764,4,43,1,4,3,0
20766,8,43,1,10,3,0
20767,5,42,0,7,0,0
20768,7,22,1,6,1,0
20771,3,16,1,1,0,1
20780,8,61,1,7,3,0
20792,8,58,1,5,2,0
20799,0,57,1,9,1,0
20800,5,56,0,4,2,0
20804,6,30,1,10,2,0
20805,8,50,1,4,3,0
20806,8,48,0,1,0,0
20808,4,21,1,4,0,0
20809,3,19,1,4,0,1
20815,10,58,0,4,0,0
20816,6,55,1,4,2,0
20819,5,49,1,10,3,0
20820,10,44,0,8,0,0
20824,7,49,0,4,2,0
20829,4,52,1,4,2,0
20841,5,22,0,6,1,1
20848,5,29,0,5,1,0
20849,5,22,0,6,1,0
20852,4,23,0,6,0,0
20853,10,32,0,10,1,0
20855,4,27,0,10,3,0
20859,8,22,0,4,2,0
20862,7,29,1,10,3,1
20863,10,41,0,4,1,0
20874,6,24,0,4,1,0
20876,6,26,1,4,0,0
20881,6,25,0,10,0,0
20884,8,25,1,6,1,0
20887,6,51,1,9,3,0
20889,8,27,1,10,1,0
20893,5,23,1,4,1,0
20894,5,33,1,4,1,1
20914,0,16,0,1,0,1
20929,10,22,0,6,1,0
20950,6,24,0,3,0,1
20962,7,29,0,9,2,0
20976,7,26,1,10,2,0
20984,5,32,1,4,2,0
21000,0,26,1,4,1,1
21006,8,18,0,1,0,0
21018,6,27,0,6,0,1
21020,7,33,1,9,3,0
21030,6,33,0,10,3,0
21042,0,22,0,2,0,1
21043,3,22,0,4,0,1
21049,4,31,1,4,2,0
21053,3,58,1,10,2,1
21057,4,30,1,9,3,1
21064,8,25,0,3,1,0
21069,5,27,0,10,2,0
21081,6,24,0,4,1,0
21082,7,40,0,7,1,1
21094,5,44,1,4,2,1
21095,7,24,1,6,0,0
21109,8,35,1,7,3,0
